2026-05-09 15:52:22 | INFO     | watchfiles.main | 1 change detected
2026-05-09 15:52:22 | INFO     | o2.server | SQLite inicializado
2026-05-09 15:52:22 | INFO     | o2.server | ========================================================
2026-05-09 15:52:22 | INFO     | o2.server |   🚀  O2 Data Solutions — Server iniciado
2026-05-09 15:52:22 | INFO     | o2.server |   🌐  http://0.0.0.0:80
2026-05-09 15:52:22 | INFO     | o2.server |   📚  Docs: http://localhost:80/docs
2026-05-09 15:52:22 | INFO     | o2.server |   📊  Métricas: http://localhost:80/api/metrics
2026-05-09 15:52:22 | INFO     | o2.server |   🗄️   DB: C:\Users\evolucao\Meu Drive (tnjc2021@gmail.com)\O2-DATA-LANDPAGE\o2-landpage\data\o2_metrics.db
2026-05-09 15:52:22 | INFO     | o2.server |   📁  Logs: C:\Users\evolucao\Meu Drive (tnjc2021@gmail.com)\O2-DATA-LANDPAGE\o2-landpage\logs\server.log
2026-05-09 15:52:22 | INFO     | o2.server | ========================================================
2026-05-09 15:52:22 | INFO     | watchfiles.main | 10 changes detected
2026-05-09 15:52:36 | INFO     | o2.server | [32mGET    200 /                                            3.4ms  127.0.0.1
2026-05-09 15:52:36 | INFO     | watchfiles.main | 5 changes detected
2026-05-09 15:52:37 | INFO     | watchfiles.main | 4 changes detected
2026-05-09 15:52:37 | INFO     | watchfiles.main | 5 changes detected
2026-05-09 15:52:37 | INFO     | watchfiles.main | 4 changes detected
2026-05-09 15:52:38 | INFO     | watchfiles.main | 1 change detected
2026-05-09 15:57:43 | INFO     | o2.server | 📥 Lead: ELIAS DOS SANTOS DE ANDRADE | o2 data | otimizaestoque@gmail.com | comercial
2026-05-09 15:57:43 | INFO     | watchfiles.main | 1 change detected
2026-05-09 15:57:44 | INFO     | o2.server | 📧 Email enviado → elias@o2data.com.br + replikabackup@gmail.com
2026-05-09 15:57:44 | INFO     | o2.server | [32mPOST   200 /api/contact                              1213.3ms  127.0.0.1
2026-05-09 15:57:44 | INFO     | watchfiles.main | 5 changes detected
2026-05-09 15:57:45 | INFO     | watchfiles.main | 1 change detected
2026-05-09 15:57:45 | INFO     | watchfiles.main | 1 change detected
2026-05-09 15:59:48 | INFO     | watchfiles.main | 2 changes detected
2026-05-09 16:01:49 | INFO     | watchfiles.main | 1 change detected
2026-05-09 16:01:50 | WARNING  | o2.server | 🛑  Server encerrado
2026-05-09 16:01:51 | INFO     | watchfiles.main | 1 change detected
2026-05-09 16:01:54 | INFO     | watchfiles.main | 1 change detected
2026-05-09 16:01:54 | INFO     | o2.server | SQLite inicializado
2026-05-09 16:01:54 | INFO     | o2.server | ========================================================
2026-05-09 16:01:54 | INFO     | o2.server |   🚀  O2 Data Solutions — Server iniciado
2026-05-09 16:01:54 | INFO     | o2.server |   🌐  http://0.0.0.0:80
2026-05-09 16:01:54 | INFO     | o2.server |   📚  Docs: http://localhost:80/docs
2026-05-09 16:01:54 | INFO     | o2.server |   📊  Métricas: http://localhost:80/api/metrics
2026-05-09 16:01:54 | INFO     | o2.server |   🗄️   DB: C:\Users\evolucao\Meu Drive (tnjc2021@gmail.com)\O2-DATA-LANDPAGE\o2-landpage\data\o2_metrics.db
2026-05-09 16:01:54 | INFO     | o2.server |   📁  Logs: C:\Users\evolucao\Meu Drive (tnjc2021@gmail.com)\O2-DATA-LANDPAGE\o2-landpage\logs\server.log
2026-05-09 16:01:54 | INFO     | o2.server | ========================================================
2026-05-09 16:01:55 | INFO     | watchfiles.main | 1 change detected
2026-05-09 16:01:55 | INFO     | watchfiles.main | 1 change detected
2026-05-09 16:02:59 | INFO     | watchfiles.main | 1 change detected
2026-05-09 16:02:59 | WARNING  | o2.server | 🛑  Server encerrado
2026-05-09 16:03:00 | INFO     | watchfiles.main | 1 change detected
2026-05-09 16:03:03 | INFO     | watchfiles.main | 1 change detected
2026-05-09 16:03:03 | INFO     | o2.server | SQLite inicializado
2026-05-09 16:03:03 | INFO     | o2.server | ========================================================
2026-05-09 16:03:03 | INFO     | o2.server |   🚀  O2 Data Solutions — Server iniciado
2026-05-09 16:03:03 | INFO     | o2.server |   🌐  http://0.0.0.0:80
2026-05-09 16:03:03 | INFO     | o2.server |   📚  Docs: http://localhost:80/docs
2026-05-09 16:03:03 | INFO     | o2.server |   📊  Métricas: http://localhost:80/api/metrics
2026-05-09 16:03:03 | INFO     | o2.server |   🗄️   DB: C:\Users\evolucao\Meu Drive (tnjc2021@gmail.com)\O2-DATA-LANDPAGE\o2-landpage\data\o2_metrics.db
2026-05-09 16:03:03 | INFO     | o2.server |   📁  Logs: C:\Users\evolucao\Meu Drive (tnjc2021@gmail.com)\O2-DATA-LANDPAGE\o2-landpage\logs\server.log
2026-05-09 16:03:03 | INFO     | o2.server | ========================================================
2026-05-09 16:03:03 | INFO     | watchfiles.main | 1 change detected
2026-05-09 16:03:04 | INFO     | watchfiles.main | 1 change detected
2026-05-09 16:03:27 | INFO     | watchfiles.main | 3 changes detected
2026-05-09 16:03:27 | INFO     | watchfiles.main | 1 change detected
2026-05-09 16:04:39 | INFO     | watchfiles.main | 1 change detected
2026-05-09 16:04:39 | WARNING  | o2.server | 🛑  Server encerrado
2026-05-09 16:04:40 | INFO     | watchfiles.main | 1 change detected
2026-05-09 16:04:41 | INFO     | watchfiles.main | 2 changes detected
2026-05-09 16:04:41 | INFO     | o2.server | SQLite inicializado
2026-05-09 16:04:41 | INFO     | o2.server | ========================================================
2026-05-09 16:04:41 | INFO     | o2.server |   🚀  O2 Data Solutions — Server iniciado
2026-05-09 16:04:41 | INFO     | o2.server |   🌐  http://0.0.0.0:80
2026-05-09 16:04:41 | INFO     | o2.server |   📚  Docs: http://localhost:80/docs
2026-05-09 16:04:41 | INFO     | o2.server |   📊  Métricas: http://localhost:80/api/metrics
2026-05-09 16:04:41 | INFO     | o2.server |   🗄️   DB: C:\Users\evolucao\Meu Drive (tnjc2021@gmail.com)\O2-DATA-LANDPAGE\o2-landpage\data\o2_metrics.db
2026-05-09 16:04:41 | INFO     | o2.server |   📁  Logs: C:\Users\evolucao\Meu Drive (tnjc2021@gmail.com)\O2-DATA-LANDPAGE\o2-landpage\logs\server.log
2026-05-09 16:04:41 | INFO     | o2.server | ========================================================
2026-05-09 16:04:42 | INFO     | watchfiles.main | 1 change detected
2026-05-09 16:04:42 | INFO     | watchfiles.main | 1 change detected
2026-05-09 16:29:29 | INFO     | o2.server | SQLite inicializado
2026-05-09 16:29:29 | INFO     | o2.server | ========================================================
2026-05-09 16:29:29 | INFO     | o2.server |   🚀  O2 Data Solutions — Server iniciado
2026-05-09 16:29:29 | INFO     | o2.server |   🌐  http://0.0.0.0:80
2026-05-09 16:29:29 | INFO     | o2.server |   📚  Docs: http://localhost:80/docs
2026-05-09 16:29:29 | INFO     | o2.server |   📊  Métricas: http://localhost:80/api/metrics
2026-05-09 16:29:29 | INFO     | o2.server |   🗄️   DB: C:\Users\evolucao\Meu Drive (tnjc2021@gmail.com)\O2-DATA-LANDPAGE\o2-landpage\data\o2_metrics.db
2026-05-09 16:29:29 | INFO     | o2.server |   📁  Logs: C:\Users\evolucao\Meu Drive (tnjc2021@gmail.com)\O2-DATA-LANDPAGE\o2-landpage\logs\server.log
2026-05-09 16:29:29 | INFO     | o2.server | ========================================================
2026-05-09 16:29:29 | INFO     | watchfiles.main | 1 change detected
2026-05-09 16:29:29 | INFO     | watchfiles.main | 1 change detected
2026-05-09 16:29:30 | INFO     | watchfiles.main | 1 change detected
2026-05-09 16:29:43 | INFO     | o2.server | [32mGET    200 /                                            1.5ms  127.0.0.1
2026-05-09 16:29:43 | INFO     | watchfiles.main | 4 changes detected
2026-05-09 16:29:43 | INFO     | watchfiles.main | 4 changes detected
2026-05-09 16:29:43 | INFO     | watchfiles.main | 5 changes detected
2026-05-09 16:29:44 | INFO     | watchfiles.main | 5 changes detected
2026-05-09 16:29:54 | INFO     | watchfiles.main | 4 changes detected
2026-05-09 16:29:54 | INFO     | watchfiles.main | 1 change detected
2026-05-09 16:30:17 | INFO     | watchfiles.main | 1 change detected
2026-05-09 16:30:17 | INFO     | watchfiles.main | 1 change detected
2026-05-09 16:30:18 | INFO     | o2.server | [32mGET    200 /                                            1.2ms  127.0.0.1
2026-05-09 16:30:19 | INFO     | watchfiles.main | 5 changes detected
2026-05-09 16:30:19 | INFO     | watchfiles.main | 4 changes detected
2026-05-09 16:30:19 | INFO     | watchfiles.main | 1 change detected
2026-05-09 16:30:21 | INFO     | watchfiles.main | 1 change detected
2026-05-09 16:30:21 | INFO     | watchfiles.main | 1 change detected
2026-05-09 16:31:38 | INFO     | watchfiles.main | 1 change detected
2026-05-09 16:31:38 | WARNING  | o2.server | 🛑  Server encerrado
2026-05-09 16:31:39 | INFO     | watchfiles.main | 1 change detected
2026-05-09 16:31:41 | INFO     | watchfiles.main | 1 change detected
2026-05-09 16:31:41 | INFO     | o2.server | SQLite inicializado
2026-05-09 16:31:41 | INFO     | o2.server | ========================================================
2026-05-09 16:31:41 | INFO     | o2.server |   🚀  O2 Data Solutions — Server iniciado
2026-05-09 16:31:41 | INFO     | o2.server |   🌐  http://0.0.0.0:80
2026-05-09 16:31:41 | INFO     | o2.server |   📚  Docs: http://localhost:80/docs
2026-05-09 16:31:41 | INFO     | o2.server |   📊  Métricas: http://localhost:80/api/metrics
2026-05-09 16:31:41 | INFO     | o2.server |   🗄️   DB: C:\Users\evolucao\Meu Drive (tnjc2021@gmail.com)\O2-DATA-LANDPAGE\o2-landpage\data\o2_metrics.db
2026-05-09 16:31:41 | INFO     | o2.server |   📁  Logs: C:\Users\evolucao\Meu Drive (tnjc2021@gmail.com)\O2-DATA-LANDPAGE\o2-landpage\logs\server.log
2026-05-09 16:31:41 | INFO     | o2.server | ========================================================
2026-05-09 16:31:42 | INFO     | watchfiles.main | 1 change detected
2026-05-09 16:31:42 | INFO     | watchfiles.main | 1 change detected
2026-05-09 16:32:57 | INFO     | watchfiles.main | 5 changes detected
2026-05-09 16:32:57 | INFO     | watchfiles.main | 1 change detected
2026-05-09 16:33:05 | INFO     | watchfiles.main | 1 change detected
2026-05-09 16:33:05 | WARNING  | o2.server | 🛑  Server encerrado
2026-05-09 16:33:05 | INFO     | watchfiles.main | 1 change detected
2026-05-09 16:33:07 | INFO     | o2.server | SQLite inicializado
2026-05-09 16:33:07 | INFO     | o2.server | ========================================================
2026-05-09 16:33:07 | INFO     | o2.server |   🚀  O2 Data Solutions — Server iniciado
2026-05-09 16:33:07 | INFO     | o2.server |   🌐  http://0.0.0.0:80
2026-05-09 16:33:07 | INFO     | o2.server |   📚  Docs: http://localhost:80/docs
2026-05-09 16:33:07 | INFO     | o2.server |   📊  Métricas: http://localhost:80/api/metrics
2026-05-09 16:33:07 | INFO     | o2.server |   🗄️   DB: C:\Users\evolucao\Meu Drive (tnjc2021@gmail.com)\O2-DATA-LANDPAGE\o2-landpage\data\o2_metrics.db
2026-05-09 16:33:07 | INFO     | o2.server |   📁  Logs: C:\Users\evolucao\Meu Drive (tnjc2021@gmail.com)\O2-DATA-LANDPAGE\o2-landpage\logs\server.log
2026-05-09 16:33:07 | INFO     | o2.server | ========================================================
2026-05-09 16:33:07 | INFO     | watchfiles.main | 1 change detected
2026-05-09 16:33:07 | INFO     | watchfiles.main | 1 change detected
2026-05-09 16:36:13 | INFO     | watchfiles.main | 1 change detected
2026-05-09 16:45:36 | INFO     | watchfiles.main | 1 change detected
2026-05-09 16:45:37 | WARNING  | o2.server | 🛑  Server encerrado
2026-05-09 16:45:37 | INFO     | watchfiles.main | 1 change detected
2026-05-09 16:45:39 | INFO     | watchfiles.main | 1 change detected
2026-05-09 16:45:39 | INFO     | o2.server | SQLite inicializado
2026-05-09 16:45:39 | INFO     | o2.server | ========================================================
2026-05-09 16:45:39 | INFO     | o2.server |   🚀  O2 Data Solutions — Server iniciado
2026-05-09 16:45:39 | INFO     | o2.server |   🌐  http://0.0.0.0:80
2026-05-09 16:45:39 | INFO     | o2.server |   📚  Docs: http://localhost:80/docs
2026-05-09 16:45:39 | INFO     | o2.server |   📊  Métricas: http://localhost:80/api/metrics
2026-05-09 16:45:39 | INFO     | o2.server |   🗄️   DB: C:\Users\evolucao\Meu Drive (tnjc2021@gmail.com)\O2-DATA-LANDPAGE\o2-landpage\data\o2_metrics.db
2026-05-09 16:45:39 | INFO     | o2.server |   📁  Logs: C:\Users\evolucao\Meu Drive (tnjc2021@gmail.com)\O2-DATA-LANDPAGE\o2-landpage\logs\server.log
2026-05-09 16:45:39 | INFO     | o2.server | ========================================================
2026-05-09 16:45:39 | INFO     | watchfiles.main | 1 change detected
2026-05-09 16:45:39 | INFO     | watchfiles.main | 1 change detected
2026-05-09 16:45:44 | INFO     | watchfiles.main | 1 change detected
2026-05-09 16:45:44 | WARNING  | o2.server | 🛑  Server encerrado
2026-05-09 16:45:44 | INFO     | watchfiles.main | 1 change detected
2026-05-09 16:45:46 | INFO     | o2.server | SQLite inicializado
2026-05-09 16:45:46 | INFO     | o2.server | ========================================================
2026-05-09 16:45:46 | INFO     | o2.server |   🚀  O2 Data Solutions — Server iniciado
2026-05-09 16:45:46 | INFO     | o2.server |   🌐  http://0.0.0.0:80
2026-05-09 16:45:46 | INFO     | o2.server |   📚  Docs: http://localhost:80/docs
2026-05-09 16:45:46 | INFO     | o2.server |   📊  Métricas: http://localhost:80/api/metrics
2026-05-09 16:45:46 | INFO     | o2.server |   🗄️   DB: C:\Users\evolucao\Meu Drive (tnjc2021@gmail.com)\O2-DATA-LANDPAGE\o2-landpage\data\o2_metrics.db
2026-05-09 16:45:46 | INFO     | o2.server |   📁  Logs: C:\Users\evolucao\Meu Drive (tnjc2021@gmail.com)\O2-DATA-LANDPAGE\o2-landpage\logs\server.log
2026-05-09 16:45:46 | INFO     | o2.server | ========================================================
2026-05-09 16:45:46 | INFO     | watchfiles.main | 1 change detected
2026-05-09 16:45:46 | INFO     | watchfiles.main | 1 change detected
2026-05-09 17:32:54 | INFO     | [SUCCESS] 🗄️ SQLite inicializado (metrics + visitors + bans)
2026-05-09 17:32:54 | INFO     | [INFO]  ============================================================
2026-05-09 17:32:54 | INFO     | [SUCCESS]    🚀  O2 Data Solutions — Server v2 iniciado
2026-05-09 17:32:54 | INFO     | [INFO]    🌐  http://0.0.0.0:80
2026-05-09 17:32:54 | INFO     | [INFO]    📚  Docs: http://localhost:80/docs
2026-05-09 17:32:54 | INFO     | [METRIC]    📊  Métricas: http://localhost:80/api/metrics
2026-05-09 17:32:54 | INFO     | [WAF]    🛡️   WAF: ATIVO | Rate Limit: 120req/60s
2026-05-09 17:32:54 | INFO     | [INFO]    🗄️   DBs: metrics + visitors + bans
2026-05-09 17:32:54 | INFO     | [INFO]    🔄  Hot Reload: ATIVO (HTML/CSS/JS/YAML)
2026-05-09 17:32:54 | INFO     | [INFO]  ============================================================
2026-05-09 17:32:54 | INFO     | 12 changes detected
2026-05-09 17:32:54 | INFO     | 1 change detected
2026-05-09 17:33:02 | INFO     | [REQ]  [32mGET    200 /                                                 4.3ms  127.0.0.1
2026-05-09 17:33:03 | INFO     | 11 changes detected
2026-05-09 17:33:03 | INFO     | [WARN]  🛑  Server encerrado
2026-05-09 17:33:03 | INFO     | 1 change detected
2026-05-09 17:33:04 | INFO     | [SUCCESS] 🗄️ SQLite inicializado (metrics + visitors + bans)
2026-05-09 17:33:04 | INFO     | [INFO]  ============================================================
2026-05-09 17:33:04 | INFO     | [SUCCESS]    🚀  O2 Data Solutions — Server v2 iniciado
2026-05-09 17:33:04 | INFO     | [INFO]    🌐  http://0.0.0.0:80
2026-05-09 17:33:04 | INFO     | [INFO]    📚  Docs: http://localhost:80/docs
2026-05-09 17:33:04 | INFO     | [METRIC]    📊  Métricas: http://localhost:80/api/metrics
2026-05-09 17:33:04 | INFO     | [WAF]    🛡️   WAF: ATIVO | Rate Limit: 120req/60s
2026-05-09 17:33:04 | INFO     | [INFO]    🗄️   DBs: metrics + visitors + bans
2026-05-09 17:33:04 | INFO     | [INFO]    🔄  Hot Reload: ATIVO (HTML/CSS/JS/YAML)
2026-05-09 17:33:04 | INFO     | [INFO]  ============================================================
2026-05-09 17:33:04 | INFO     | 2 changes detected
2026-05-09 17:33:05 | INFO     | 10 changes detected
2026-05-09 17:33:05 | INFO     | [WARN]  🛑  Server encerrado
2026-05-09 17:33:05 | INFO     | 11 changes detected
2026-05-09 17:33:07 | INFO     | [SUCCESS] 🗄️ SQLite inicializado (metrics + visitors + bans)
2026-05-09 17:33:07 | INFO     | [INFO]  ============================================================
2026-05-09 17:33:07 | INFO     | [SUCCESS]    🚀  O2 Data Solutions — Server v2 iniciado
2026-05-09 17:33:07 | INFO     | [INFO]    🌐  http://0.0.0.0:80
2026-05-09 17:33:07 | INFO     | [INFO]    📚  Docs: http://localhost:80/docs
2026-05-09 17:33:07 | INFO     | [METRIC]    📊  Métricas: http://localhost:80/api/metrics
2026-05-09 17:33:07 | INFO     | [WAF]    🛡️   WAF: ATIVO | Rate Limit: 120req/60s
2026-05-09 17:33:07 | INFO     | [INFO]    🗄️   DBs: metrics + visitors + bans
2026-05-09 17:33:07 | INFO     | [INFO]    🔄  Hot Reload: ATIVO (HTML/CSS/JS/YAML)
2026-05-09 17:33:07 | INFO     | [INFO]  ============================================================
2026-05-09 17:33:07 | INFO     | [REQ]  [32mGET    200 /                                                 8.3ms  127.0.0.1
2026-05-09 17:33:07 | INFO     | 11 changes detected
2026-05-09 17:33:08 | INFO     | [WARN]  🛑  Server encerrado
2026-05-09 17:33:08 | INFO     | 4 changes detected
2026-05-09 17:33:09 | INFO     | [SUCCESS] 🗄️ SQLite inicializado (metrics + visitors + bans)
2026-05-09 17:33:09 | INFO     | [INFO]  ============================================================
2026-05-09 17:33:09 | INFO     | 2 changes detected
2 Data Solutions — Server v2 iniciado
2026-05-09 17:33:09 | INFO     | [INFO]    🌐  http://0.0.0.0:80
2026-05-09 17:33:09 | INFO     | [INFO]    📚  Docs: http://localhost:80/docs
2026-05-09 17:33:09 | INFO     | [METRIC]    📊  Métricas: http://localhost:80/api/metrics
2026-05-09 17:33:09 | INFO     | [WAF]    🛡️   WAF: ATIVO | Rate Limit: 120req/60s
2026-05-09 17:33:09 | INFO     | [INFO]    🗄️   DBs: metrics + visitors + bans
2026-05-09 17:33:09 | INFO     | [INFO]    🔄  Hot Reload: ATIVO (HTML/CSS/JS/YAML)
2026-05-09 17:33:09 | INFO     | [INFO]  ============================================================
2026-05-09 17:33:09 | INFO     | 11 changes detected
2026-05-09 17:33:10 | INFO     | [WARN]  🛑  Server encerrado
2026-05-09 17:33:10 | INFO     | 11 changes detected
2026-05-09 17:33:12 | INFO     | [SUCCESS] 🗄️ SQLite inicializado (metrics + visitors + bans)
2026-05-09 17:33:12 | INFO     | [INFO]  ============================================================
2026-05-09 17:33:12 | INFO     | [SUCCESS]    🚀  O2 Data Solutions — Server v2 iniciado
2026-05-09 17:33:12 | INFO     | [INFO]    🌐  http://0.0.0.0:80
2026-05-09 17:33:12 | INFO     | [INFO]    📚  Docs: http://localhost:80/docs
2026-05-09 17:33:12 | INFO     | [METRIC]    📊  Métricas: http://localhost:80/api/metrics
2026-05-09 17:33:12 | INFO     | [WAF]    🛡️   WAF: ATIVO | Rate Limit: 120req/60s
2026-05-09 17:33:12 | INFO     | [INFO]    🗄️   DBs: metrics + visitors + bans
2026-05-09 17:33:12 | INFO     | [INFO]    🔄  Hot Reload: ATIVO (HTML/CSS/JS/YAML)
2026-05-09 17:33:12 | INFO     | [INFO]  ============================================================
2026-05-09 17:33:12 | INFO     | 11 changes detected
2026-05-09 17:33:12 | INFO     | [REQ]  [32mPOST   200 /api/event                                       10.4ms  127.0.0.1
2026-05-09 17:33:12 | INFO     | [WARN]  🛑  Server encerrado
2026-05-09 17:33:13 | INFO     | 8 changes detected
2026-05-09 17:33:14 | INFO     | [SUCCESS] 🗄️ SQLite inicializado (metrics + visitors + bans)
2026-05-09 17:33:14 | INFO     | [INFO]  ============================================================
2026-05-09 17:33:14 | INFO     | [SUCCESS]    🚀  O2 Data Solutions — Server v2 iniciado
2026-05-09 17:33:14 | INFO     | [INFO]    🌐  http://0.0.0.0:80
2026-05-09 17:33:14 | INFO     | [INFO]    📚  Docs: http://localhost:80/docs
2026-05-09 17:33:14 | INFO     | [METRIC]    📊  Métricas: http://localhost:80/api/metrics
2026-05-09 17:33:14 | INFO     | [WAF]    🛡️   WAF: ATIVO | Rate Limit: 120req/60s
2026-05-09 17:33:14 | INFO     | [INFO]    🗄️   DBs: metrics + visitors + bans
2026-05-09 17:33:14 | INFO     | [INFO]    🔄  Hot Reload: ATIVO (HTML/CSS/JS/YAML)
2026-05-09 17:33:14 | INFO     | [INFO]  ============================================================
2026-05-09 17:33:14 | INFO     | 2 changes detected
2026-05-09 17:35:43 | INFO     | 1 change detected
2026-05-09 17:35:43 | INFO     | [WARN]  🛑  Server encerrado
2026-05-09 17:35:44 | INFO     | 1 change detected
2026-05-09 17:35:45 | INFO     | 1 change detected
2026-05-09 17:35:45 | INFO     | [SUCCESS] 🗄️ SQLite inicializado (metrics + visitors + bans)
2026-05-09 17:35:45 | INFO     | [INFO]  ============================================================
2026-05-09 17:35:45 | INFO     | [SUCCESS]    🚀  O2 Data Solutions — Server v2 iniciado
2026-05-09 17:35:45 | INFO     | [INFO]    🌐  http://0.0.0.0:80
2026-05-09 17:35:45 | INFO     | [INFO]    📚  Docs: http://localhost:80/docs
2026-05-09 17:35:45 | INFO     | [METRIC]    📊  Métricas: http://localhost:80/api/metrics
2026-05-09 17:35:45 | INFO     | [WAF]    🛡️   WAF: ATIVO | Rate Limit: 120req/60s
2026-05-09 17:35:45 | INFO     | [INFO]    🗄️   DBs: metrics + visitors + bans
2026-05-09 17:35:45 | INFO     | [INFO]    🔄  Hot Reload: ATIVO (HTML/CSS/JS/YAML)
2026-05-09 17:35:45 | INFO     | [INFO]  ============================================================
2026-05-09 17:35:45 | INFO     | 1 change detected
2026-05-09 17:35:46 | INFO     | 1 change detected
2026-05-09 17:36:06 | INFO     | 1 change detected
2026-05-09 17:36:36 | INFO     | 2 changes detected
2026-05-09 17:36:36 | INFO     | [WARN]  🛑  Server encerrado
2026-05-09 17:36:37 | INFO     | 1 change detected
2026-05-09 17:36:38 | INFO     | 1 change detected
2026-05-09 17:36:38 | INFO     | [SUCCESS] 🗄️ SQLite inicializado (metrics + visitors + bans)
2026-05-09 17:36:38 | INFO     | [INFO]  ============================================================
2026-05-09 17:36:38 | INFO     | [SUCCESS]    🚀  O2 Data Solutions — Server v2 iniciado
2026-05-09 17:36:38 | INFO     | [INFO]    🌐  http://0.0.0.0:80
2026-05-09 17:36:38 | INFO     | [INFO]    📚  Docs: http://localhost:80/docs
2026-05-09 17:36:38 | INFO     | [METRIC]    📊  Métricas: http://localhost:80/api/metrics
2026-05-09 17:36:38 | INFO     | [WAF]    🛡️   WAF: ATIVO | Rate Limit: 120req/60s
2026-05-09 17:36:38 | INFO     | [INFO]    🗄️   DBs: metrics + visitors + bans
2026-05-09 17:36:38 | INFO     | [INFO]    🔄  Hot Reload: ATIVO (HTML/CSS/JS/YAML)
2026-05-09 17:36:38 | INFO     | [INFO]  ============================================================
2026-05-09 17:36:38 | INFO     | 1 change detected
2026-05-09 17:37:24 | INFO     | 1 change detected
2026-05-09 17:37:25 | INFO     | 3 changes detected
2026-05-09 17:37:25 | INFO     | [WARN]  🛑  Server encerrado
2026-05-09 17:37:26 | INFO     | 1 change detected
2026-05-09 17:37:28 | INFO     | 1 change detected
2026-05-09 17:37:28 | INFO     | [SUCCESS] 🗄️ SQLite inicializado (metrics + visitors + bans)
2026-05-09 17:37:28 | INFO     | [INFO]  ============================================================
2026-05-09 17:37:28 | INFO     | [SUCCESS]    🚀  O2 Data Solutions — Server v2 iniciado
2026-05-09 17:37:28 | INFO     | [INFO]    🌐  http://0.0.0.0:80
2026-05-09 17:37:28 | INFO     | [INFO]    📚  Docs: http://localhost:80/docs
2026-05-09 17:37:28 | INFO     | [METRIC]    📊  Métricas: http://localhost:80/api/metrics
2026-05-09 17:37:28 | INFO     | [WAF]    🛡️   WAF: ATIVO | Rate Limit: 120req/60s
2026-05-09 17:37:28 | INFO     | [INFO]    🗄️   DBs: metrics + visitors + bans
2026-05-09 17:37:28 | INFO     | [INFO]    🔄  Hot Reload: ATIVO (HTML/CSS/JS/YAML)
2026-05-09 17:37:28 | INFO     | [INFO]  ============================================================
2026-05-09 17:37:28 | INFO     | 1 change detected
2026-05-09 17:37:34 | INFO     | 1 change detected
2026-05-09 17:37:34 | INFO     | [WARN]  🛑  Server encerrado
2026-05-09 17:37:35 | INFO     | 1 change detected
2026-05-09 17:37:36 | INFO     | [SUCCESS] 🗄️ SQLite inicializado (metrics + visitors + bans)
2026-05-09 17:37:36 | INFO     | [INFO]  ============================================================
2026-05-09 17:37:36 | INFO     | [SUCCESS]    🚀  O2 Data Solutions — Server v2 iniciado
2026-05-09 17:37:36 | INFO     | [INFO]    🌐  http://0.0.0.0:80
2026-05-09 17:37:36 | INFO     | [INFO]    📚  Docs: http://localhost:80/docs
2026-05-09 17:37:36 | INFO     | [METRIC]    📊  Métricas: http://localhost:80/api/metrics
2026-05-09 17:37:36 | INFO     | [WAF]    🛡️   WAF: ATIVO | Rate Limit: 120req/60s
2026-05-09 17:37:36 | INFO     | 1 change detected
2026-05-09 17:37:36 | INFO     | [INFO]    🗄️   DBs: metrics + visitors + bans
2026-05-09 17:37:36 | INFO     | [INFO]    🔄  Hot Reload: ATIVO (HTML/CSS/JS/YAML)
2026-05-09 17:37:36 | INFO     | [INFO]  ============================================================
2026-05-09 17:37:36 | INFO     | 1 change detected
2026-05-09 17:37:56 | INFO     | 1 change detected
2026-05-09 17:37:56 | INFO     | 3 changes detected
2026-05-09 17:37:57 | INFO     | [WARN]  🛑  Server encerrado
2026-05-09 17:37:58 | INFO     | 1 change detected
2026-05-09 17:37:59 | INFO     | 1 change detected
2026-05-09 17:37:59 | INFO     | [SUCCESS] 🗄️ SQLite inicializado (metrics + visitors + bans)
2026-05-09 17:37:59 | INFO     | [INFO]  ============================================================
2026-05-09 17:37:59 | INFO     | [SUCCESS]    🚀  O2 Data Solutions — Server v2 iniciado
2026-05-09 17:37:59 | INFO     | [INFO]    🌐  http://0.0.0.0:80
2026-05-09 17:37:59 | INFO     | [INFO]    📚  Docs: http://localhost:80/docs
2026-05-09 17:37:59 | INFO     | [METRIC]    📊  Métricas: http://localhost:80/api/metrics
2026-05-09 17:37:59 | INFO     | [WAF]    🛡️   WAF: ATIVO | Rate Limit: 120req/60s
2026-05-09 17:37:59 | INFO     | [INFO]    🗄️   DBs: metrics + visitors + bans
2026-05-09 17:37:59 | INFO     | [INFO]    🔄  Hot Reload: ATIVO (HTML/CSS/JS/YAML)
2026-05-09 17:37:59 | INFO     | [INFO]  ============================================================
2026-05-09 17:37:59 | INFO     | 1 change detected
2026-05-09 17:38:20 | INFO     | [REQ]  [32mGET    200 /                                                 5.1ms  127.0.0.1
2026-05-09 17:38:20 | INFO     | 11 changes detected
2026-05-09 17:38:20 | INFO     | [WARN]  🛑  Server encerrado
2026-05-09 17:38:21 | INFO     | 1 change detected
2026-05-09 17:38:22 | INFO     | [SUCCESS] 🗄️ SQLite inicializado (metrics + visitors + bans)
2026-05-09 17:38:22 | INFO     | [INFO]  ============================================================
2026-05-09 17:38:22 | INFO     | [SUCCESS]    🚀  O2 Data Solutions — Server v2 iniciado
2026-05-09 17:38:22 | INFO     | [INFO]    🌐  http://0.0.0.0:80
2026-05-09 17:38:22 | INFO     | [INFO]    📚  Docs: http://localhost:80/docs
2026-05-09 17:38:22 | INFO     | [METRIC]    📊  Métricas: http://localhost:80/api/metrics
2026-05-09 17:38:22 | INFO     | [WAF]    🛡️   WAF: ATIVO | Rate Limit: 120req/60s
2026-05-09 17:38:22 | INFO     | [INFO]    🗄️   DBs: metrics + visitors + bans
2026-05-09 17:38:22 | INFO     | [INFO]    🔄  Hot Reload: ATIVO (HTML/CSS/JS/YAML)
2026-05-09 17:38:22 | INFO     | [INFO]  ============================================================
2026-05-09 17:38:22 | INFO     | [REQ]  [32mPOST   200 /api/event                                       12.5ms  127.0.0.1
2026-05-09 17:38:22 | INFO     | 11 changes detected
2026-05-09 17:38:22 | INFO     | [WARN]  🛑  Server encerrado
2026-05-09 17:38:23 | INFO     | 1 change detected
2026-05-09 17:38:24 | INFO     | [SUCCESS] 🗄️ SQLite inicializado (metrics + visitors + bans)
2026-05-09 17:38:24 | INFO     | 2 changes detected
2026-05-09 17:38:24 | INFO     | [INFO]  ============================================================
2026-05-09 17:38:24 | INFO     | [SUCCESS]    🚀  O2 Data Solutions — Server v2 iniciado
2026-05-09 17:38:24 | INFO     | [INFO]    🌐  http://0.0.0.0:80
2026-05-09 17:38:24 | INFO     | [INFO]    📚  Docs: http://localhost:80/docs
2026-05-09 17:38:24 | INFO     | [METRIC]    📊  Métricas: http://localhost:80/api/metrics
2026-05-09 17:38:24 | INFO     | [WAF]    🛡️   WAF: ATIVO | Rate Limit: 120req/60s
2026-05-09 17:38:24 | INFO     | [INFO]    🗄️   DBs: metrics + visitors + bans
2026-05-09 17:38:24 | INFO     | [INFO]    🔄  Hot Reload: ATIVO (HTML/CSS/JS/YAML)
2026-05-09 17:38:24 | INFO     | [INFO]  ============================================================
2026-05-09 17:38:24 | INFO     | 1 change detected
2026-05-09 17:38:25 | INFO     | 1 change detected
2026-05-09 17:38:33 | INFO     | 2 changes detected
2026-05-09 17:38:33 | INFO     | [WARN]  🛑  Server encerrado
2026-05-09 17:38:34 | INFO     | 1 change detected
2026-05-09 17:38:35 | INFO     | [SUCCESS] 🗄️ SQLite inicializado (metrics + visitors + bans)
2026-05-09 17:38:35 | INFO     | [INFO]  ============================================================
2026-05-09 17:38:35 | INFO     | [SUCCESS]    🚀  O2 Data Solutions — Server v2 iniciado
2026-05-09 17:38:35 | INFO     | [INFO]    🌐  http://0.0.0.0:80
2026-05-09 17:38:35 | INFO     | [INFO]    📚  Docs: http://localhost:80/docs
2026-05-09 17:38:35 | INFO     | [METRIC]    📊  Métricas: http://localhost:80/api/metrics
2026-05-09 17:38:35 | INFO     | [WAF]    🛡️   WAF: ATIVO | Rate Limit: 120req/60s
2026-05-09 17:38:35 | INFO     | [INFO]    🗄️   DBs: metrics + visitors + bans
2026-05-09 17:38:35 | INFO     | [INFO]    🔄  Hot Reload: ATIVO (HTML/CSS/JS/YAML)
2026-05-09 17:38:35 | INFO     | [INFO]  ============================================================
2026-05-09 17:38:35 | INFO     | 1 change detected
2026-05-09 17:39:30 | INFO     | 1 change detected
2026-05-09 17:39:30 | INFO     | 3 changes detected
2026-05-09 17:39:31 | INFO     | [WARN]  🛑  Server encerrado
2026-05-09 17:39:31 | INFO     | 1 change detected
2026-05-09 17:39:32 | INFO     | [SUCCESS] 🗄️ SQLite inicializado (metrics + visitors + bans)
2026-05-09 17:39:32 | INFO     | [INFO]  ============================================================
2026-05-09 17:39:32 | INFO     | [SUCCESS]    🚀  O2 Data Solutions — Server v2 iniciado
2026-05-09 17:39:32 | INFO     | [INFO]    🌐  http://0.0.0.0:80
2026-05-09 17:39:32 | INFO     | [INFO]    📚  Docs: http://localhost:80/docs
2026-05-09 17:39:32 | INFO     | [METRIC]    📊  Métricas: http://localhost:80/api/metrics
2026-05-09 17:39:32 | INFO     | [WAF]    🛡️   WAF: ATIVO | Rate Limit: 120req/60s
2026-05-09 17:39:32 | INFO     | [INFO]    🗄️   DBs: metrics + visitors + bans
2026-05-09 17:39:32 | INFO     | [INFO]    🔄  Hot Reload: ATIVO (HTML/CSS/JS/YAML)
2026-05-09 17:39:32 | INFO     | [INFO]  ============================================================
2026-05-09 17:39:32 | INFO     | 1 change detected
2026-05-09 17:41:17 | INFO     | [SUCCESS] 🗄️ SQLite inicializado (metrics + visitors + bans)
2026-05-09 17:41:17 | INFO     | [INFO]  ============================================================
2026-05-09 17:41:17 | INFO     | [SUCCESS]    🚀  O2 Data Solutions — Server v2 iniciado
2026-05-09 17:41:17 | INFO     | [INFO]    🌐  http://0.0.0.0:80
2026-05-09 17:41:17 | INFO     | [INFO]    📚  Docs: http://localhost:80/docs
2026-05-09 17:41:17 | INFO     | [METRIC]    📊  Métricas: http://localhost:80/api/metrics
2026-05-09 17:41:17 | INFO     | [WAF]    🛡️   WAF: ATIVO | Rate Limit: 120req/60s
2026-05-09 17:41:17 | INFO     | [INFO]    🗄️   DBs: metrics + visitors + bans
2026-05-09 17:41:17 | INFO     | [INFO]    🔄  Hot Reload: ATIVO (HTML/CSS/JS/YAML)
2026-05-09 17:41:17 | INFO     | [INFO]  ============================================================
2026-05-09 17:41:17 | INFO     | 1 change detected
2026-05-09 17:41:22 | ERROR    | db_exec: database or disk is full
2026-05-09 17:41:22 | INFO     | [REQ]  [32mGET    200 /                                                 7.1ms  127.0.0.1
2026-05-09 17:41:22 | ERROR    | db_exec: database or disk is full
2026-05-09 17:41:22 | ERROR    | visitor upsert: database or disk is full
2026-05-09 17:41:22 | INFO     | 9 changes detected
2026-05-09 17:41:22 | ERROR    | db_exec: database or disk is full
2026-05-09 17:41:22 | ERROR    | db_exec: database or disk is full
2026-05-09 17:41:23 | INFO     | [WARN]  🛑  Server encerrado
2026-05-09 17:41:23 | INFO     | 4 changes detected
2026-05-09 17:41:25 | INFO     | [SUCCESS] 🗄️ SQLite inicializado (metrics + visitors + bans)
2026-05-09 17:41:25 | INFO     | [INFO]  ============================================================
2026-05-09 17:41:25 | INFO     | [SUCCESS]    🚀  O2 Data Solutions — Server v2 iniciado
2026-05-09 17:41:25 | INFO     | [INFO]    🌐  http://0.0.0.0:80
2026-05-09 17:41:25 | INFO     | [INFO]    📚  Docs: http://localhost:80/docs
2026-05-09 17:41:25 | INFO     | [METRIC]    📊  Métricas: http://localhost:80/api/metrics
2026-05-09 17:41:25 | INFO     | [WAF]    🛡️   WAF: ATIVO | Rate Limit: 120req/60s
2026-05-09 17:41:25 | INFO     | [INFO]    🗄️   DBs: metrics + visitors + bans
2026-05-09 17:41:25 | INFO     | [INFO]    🔄  Hot Reload: ATIVO (HTML/CSS/JS/YAML)
2026-05-09 17:41:25 | INFO     | [INFO]  ============================================================
2026-05-09 17:41:25 | ERROR    | db_exec: database or disk is full
2026-05-09 17:41:25 | ERROR    | visitor upsert: database or disk is full
2026-05-09 17:41:25 | ERROR    | db_exec: database or disk is full
2026-05-09 17:41:25 | ERROR    | db_exec: database or disk is full
2026-05-09 17:41:25 | ERROR    | db_exec: database or disk is full
2026-05-09 17:41:25 | ERROR    | visitor upsert: database or disk is full
2026-05-09 17:41:25 | ERROR    | db_exec: database or disk is full
2026-05-09 17:41:25 | ERROR    | db_exec: database or disk is full
2026-05-09 17:41:25 | ERROR    | visitor upsert: database or disk is full
2026-05-09 17:41:25 | INFO     | 9 changes detected
2026-05-09 17:41:25 | ERROR    | db_exec: database or disk is full
2026-05-09 17:41:25 | ERROR    | db_exec: database or disk is full
2026-05-09 17:41:25 | ERROR    | visitor upsert: database or disk is full
2026-05-09 17:41:25 | INFO     | [WARN]  🛑  Server encerrado
2026-05-09 17:41:26 | INFO     | 9 changes detected
2026-05-09 17:41:28 | INFO     | [SUCCESS] 🗄️ SQLite inicializado (metrics + visitors + bans)
2026-05-09 17:41:28 | INFO     | [INFO]  ============================================================
2026-05-09 17:41:28 | INFO     | [SUCCESS]    🚀  O2 Data Solutions — Server v2 iniciado
2026-05-09 17:41:28 | INFO     | 1 change detected
2026-05-09 17:41:28 | INFO     | [INFO]    🌐  http://0.0.0.0:80
2026-05-09 17:41:28 | INFO     | [INFO]    📚  Docs: http://localhost:80/docs
2026-05-09 17:41:28 | INFO     | [METRIC]    📊  Métricas: http://localhost:80/api/metrics
2026-05-09 17:41:28 | INFO     | [WAF]    🛡️   WAF: ATIVO | Rate Limit: 120req/60s
2026-05-09 17:41:28 | INFO     | [INFO]    🗄️   DBs: metrics + visitors + bans
2026-05-09 17:41:28 | INFO     | [INFO]    🔄  Hot Reload: ATIVO (HTML/CSS/JS/YAML)
2026-05-09 17:41:28 | INFO     | [INFO]  ============================================================
2026-05-09 17:41:28 | ERROR    | db_exec: database or disk is full
2026-05-09 17:41:28 | ERROR    | visitor upsert: database or disk is full
2026-05-09 17:41:28 | ERROR    | db_exec: database or disk is full
2026-05-09 17:41:28 | ERROR    | db_exec: database or disk is full
2026-05-09 17:41:28 | ERROR    | db_exec: database or disk is full
2026-05-09 17:41:28 | ERROR    | visitor upsert: database or disk is full
2026-05-09 17:41:28 | ERROR    | db_exec: database or disk is full
2026-05-09 17:41:28 | ERROR    | db_exec: database or disk is full
2026-05-09 17:41:28 | ERROR    | visitor upsert: database or disk is full
2026-05-09 17:41:28 | ERROR    | visitor upsert: database or disk is full
2026-05-09 17:41:28 | ERROR    | db_exec: database or disk is full
2026-05-09 17:41:28 | ERROR    | db_exec: database or disk is full
2026-05-09 17:41:28 | ERROR    | visitor upsert: database or disk is full
2026-05-09 17:41:28 | ERROR    | db_exec: database or disk is full
2026-05-09 17:41:28 | ERROR    | db_exec: database or disk is full
2026-05-09 17:41:28 | ERROR    | db_exec: database or disk is full
2026-05-09 17:41:28 | INFO     | [REQ]  [32mPOST   200 /api/event                                        5.2ms  127.0.0.1
2026-05-09 17:41:28 | ERROR    | db_exec: database or disk is full
2026-05-09 17:41:28 | INFO     | 9 changes detected
2026-05-09 17:41:28 | INFO     | [WARN]  🛑  Server encerrado
2026-05-09 17:41:29 | INFO     | 1 change detected
2026-05-09 17:41:31 | INFO     | [SUCCESS] 🗄️ SQLite inicializado (metrics + visitors + bans)
2026-05-09 17:41:31 | INFO     | [INFO]  ============================================================
2026-05-09 17:41:31 | INFO     | [SUCCESS]    🚀  O2 Data Solutions — Server v2 iniciado
2026-05-09 17:41:31 | INFO     | [INFO]    🌐  http://0.0.0.0:80
2026-05-09 17:41:31 | INFO     | [INFO]    📚  Docs: http://localhost:80/docs
2026-05-09 17:41:31 | INFO     | [METRIC]    📊  Métricas: http://localhost:80/api/metrics
2026-05-09 17:41:31 | INFO     | [WAF]    🛡️   WAF: ATIVO | Rate Limit: 120req/60s
2026-05-09 17:41:31 | INFO     | [INFO]    🗄️   DBs: metrics + visitors + bans
2026-05-09 17:41:31 | INFO     | [INFO]    🔄  Hot Reload: ATIVO (HTML/CSS/JS/YAML)
2026-05-09 17:41:31 | INFO     | [INFO]  ============================================================
2026-05-09 17:41:31 | INFO     | 2 changes detected
2026-05-09 17:42:39 | INFO     | 1 change detected
2026-05-09 17:42:39 | INFO     | [WARN]  🛑  Server encerrado
2026-05-09 17:42:40 | INFO     | 2 changes detected
2026-05-09 17:42:42 | INFO     | [SUCCESS] 🗄️ SQLite inicializado (metrics + visitors + bans)
2026-05-09 17:42:42 | INFO     | [INFO]  ============================================================
2026-05-09 17:42:42 | INFO     | [SUCCESS]    🚀  O2 Data Solutions — Server v2 iniciado
2026-05-09 17:42:42 | INFO     | [INFO]    🌐  http://0.0.0.0:80
2026-05-09 17:42:42 | INFO     | [INFO]    📚  Docs: http://localhost:80/docs
2026-05-09 17:42:42 | INFO     | [METRIC]    📊  Métricas: http://localhost:80/api/metrics
2026-05-09 17:42:42 | INFO     | [WAF]    🛡️   WAF: ATIVO | Rate Limit: 120req/60s
2026-05-09 17:42:42 | INFO     | [INFO]    🗄️   DBs: metrics + visitors + bans
2026-05-09 17:42:42 | INFO     | [INFO]    🔄  Hot Reload: ATIVO (HTML/CSS/JS/YAML)
2026-05-09 17:42:42 | INFO     | [INFO]  ============================================================
2026-05-09 17:42:42 | INFO     | 1 change detected
2026-05-09 17:43:05 | INFO     | 1 change detected
2026-05-09 17:43:06 | INFO     | [WARN]  🛑  Server encerrado
2026-05-09 17:43:06 | INFO     | 2 changes detected
2026-05-09 17:43:08 | INFO     | [SUCCESS] 🗄️ SQLite inicializado (metrics + visitors + bans)
2026-05-09 17:43:08 | INFO     | [INFO]  ============================================================
2026-05-09 17:43:08 | INFO     | [SUCCESS]    🚀  O2 Data Solutions — Server v2 iniciado
2026-05-09 17:43:08 | INFO     | [INFO]    🌐  http://0.0.0.0:80
2026-05-09 17:43:08 | INFO     | [INFO]    📚  Docs: http://localhost:80/docs
2026-05-09 17:43:08 | INFO     | [METRIC]    📊  Métricas: http://localhost:80/api/metrics
2026-05-09 17:43:08 | INFO     | [WAF]    🛡️   WAF: ATIVO | Rate Limit: 120req/60s
2026-05-09 17:43:08 | INFO     | [INFO]    🗄️   DBs: metrics + visitors + bans
2026-05-09 17:43:08 | INFO     | [INFO]    🔄  Hot Reload: ATIVO (HTML/CSS/JS/YAML)
2026-05-09 17:43:08 | INFO     | [INFO]  ============================================================
2026-05-09 17:43:08 | INFO     | 1 change detected
2026-05-09 17:43:16 | INFO     | 1 change detected
2026-05-09 17:43:16 | INFO     | [WARN]  🛑  Server encerrado
2026-05-09 17:43:17 | INFO     | 1 change detected
2026-05-09 17:43:18 | INFO     | [SUCCESS] 🗄️ SQLite inicializado (metrics + visitors + bans)
2026-05-09 17:43:18 | INFO     | [INFO]  ============================================================
2026-05-09 17:43:18 | INFO     | [SUCCESS]    🚀  O2 Data Solutions — Server v2 iniciado
2026-05-09 17:43:18 | INFO     | [INFO]    🌐  http://0.0.0.0:80
2026-05-09 17:43:18 | INFO     | [INFO]    📚  Docs: http://localhost:80/docs
2026-05-09 17:43:18 | INFO     | [METRIC]    📊  Métricas: http://localhost:80/api/metrics
2026-05-09 17:43:18 | INFO     | [WAF]    🛡️   WAF: ATIVO | Rate Limit: 120req/60s
2026-05-09 17:43:18 | INFO     | [INFO]    🗄️   DBs: metrics + visitors + bans
2026-05-09 17:43:18 | INFO     | 1 change detected
 Reload: ATIVO (HTML/CSS/JS/YAML)
2026-05-09 17:43:18 | INFO     | [INFO]  ============================================================
2026-05-09 17:43:18 | INFO     | 1 change detected
2026-05-09 17:43:25 | INFO     | 1 change detected
2026-05-09 17:43:26 | INFO     | [WARN]  🛑  Server encerrado
2026-05-09 17:43:26 | INFO     | 2 changes detected
2026-05-09 17:43:28 | INFO     | [SUCCESS] 🗄️ SQLite inicializado (metrics + visitors + bans)
2026-05-09 17:43:28 | INFO     | [INFO]  ============================================================
2026-05-09 17:43:28 | INFO     | [SUCCESS]    🚀  O2 Data Solutions — Server v2 iniciado
2026-05-09 17:43:28 | INFO     | [INFO]    🌐  http://0.0.0.0:80
2026-05-09 17:43:28 | INFO     | [INFO]    📚  Docs: http://localhost:80/docs
2026-05-09 17:43:28 | INFO     | [METRIC]    📊  Métricas: http://localhost:80/api/metrics
2026-05-09 17:43:28 | INFO     | [WAF]    🛡️   WAF: ATIVO | Rate Limit: 120req/60s
2026-05-09 17:43:28 | INFO     | [INFO]    🗄️   DBs: metrics + visitors + bans
2026-05-09 17:43:28 | INFO     | [INFO]    🔄  Hot Reload: ATIVO (HTML/CSS/JS/YAML)
2026-05-09 17:43:28 | INFO     | [INFO]  ============================================================
2026-05-09 17:43:28 | INFO     | 6 changes detected
2026-05-09 17:43:36 | INFO     | 5 changes detected
2026-05-09 17:43:37 | INFO     | 1 change detected
2026-05-09 17:43:49 | INFO     | 1 change detected
2026-05-09 17:43:49 | INFO     | [WARN]  🛑  Server encerrado
2026-05-09 17:43:50 | INFO     | 1 change detected
2026-05-09 17:43:51 | INFO     | [SUCCESS] 🗄️ SQLite inicializado (metrics + visitors + bans)
2026-05-09 17:43:51 | INFO     | [INFO]  ============================================================
2026-05-09 17:43:51 | INFO     | [SUCCESS]    🚀  O2 Data Solutions — Server v2 iniciado
2026-05-09 17:43:51 | INFO     | [INFO]    🌐  http://0.0.0.0:80
2026-05-09 17:43:51 | INFO     | [INFO]    📚  Docs: http://localhost:80/docs
2026-05-09 17:43:51 | INFO     | [METRIC]    📊  Métricas: http://localhost:80/api/metrics
2026-05-09 17:43:51 | INFO     | [WAF]    🛡️   WAF: ATIVO | Rate Limit: 120req/60s
2026-05-09 17:43:51 | INFO     | [INFO]    🗄️   DBs: metrics + visitors + bans
2026-05-09 17:43:51 | INFO     | [INFO]    🔄  Hot Reload: ATIVO (HTML/CSS/JS/YAML)
2026-05-09 17:43:51 | INFO     | [INFO]  ============================================================
2026-05-09 17:43:51 | INFO     | 1 change detected
2026-05-09 17:44:26 | INFO     | 3 changes detected
2026-05-09 17:44:27 | INFO     | 11 changes detected
2026-05-09 17:44:27 | INFO     | [WARN]  🛑  Server encerrado
2026-05-09 17:44:28 | INFO     | 11 changes detected
2026-05-09 17:44:30 | INFO     | 2 changes detected
2026-05-09 17:44:30 | INFO     | [SUCCESS] 🗄️ SQLite inicializado (metrics + visitors + bans)
2026-05-09 17:44:30 | INFO     | [INFO]  ============================================================
2026-05-09 17:44:30 | INFO     | [SUCCESS]    🚀  O2 Data Solutions — Server v2 iniciado
2026-05-09 17:44:30 | INFO     | [INFO]    🌐  http://0.0.0.0:80
2026-05-09 17:44:30 | INFO     | [INFO]    📚  Docs: http://localhost:80/docs
2026-05-09 17:44:30 | INFO     | [METRIC]    📊  Métricas: http://localhost:80/api/metrics
2026-05-09 17:44:30 | INFO     | [WAF]    🛡️   WAF: ATIVO | Rate Limit: 120req/60s
2026-05-09 17:44:30 | INFO     | [INFO]    🗄️   DBs: metrics + visitors + bans
2026-05-09 17:44:30 | INFO     | [INFO]    🔄  Hot Reload: ATIVO (HTML/CSS/JS/YAML)
2026-05-09 17:44:30 | INFO     | [INFO]  ============================================================
2026-05-09 17:44:30 | INFO     | [REQ]  [32mPOST   200 /api/event                                       12.3ms  127.0.0.1
2026-05-09 17:44:30 | INFO     | 11 changes detected
2026-05-09 17:44:30 | INFO     | [WARN]  🛑  Server encerrado
2026-05-09 17:44:31 | INFO     | 1 change detected
2026-05-09 17:44:32 | INFO     | [SUCCESS] 🗄️ SQLite inicializado (metrics + visitors + bans)
2026-05-09 17:44:32 | INFO     | [INFO]  ============================================================
2026-05-09 17:44:32 | INFO     | [SUCCESS]    🚀  O2 Data Solutions — Server v2 iniciado
2026-05-09 17:44:32 | INFO     | [INFO]    🌐  http://0.0.0.0:80
2026-05-09 17:44:32 | INFO     | [INFO]    📚  Docs: http://localhost:80/docs
2026-05-09 17:44:32 | INFO     | [METRIC]    📊  Métricas: http://localhost:80/api/metrics
2026-05-09 17:44:32 | INFO     | [WAF]    🛡️   WAF: ATIVO | Rate Limit: 120req/60s
2026-05-09 17:44:32 | INFO     | [INFO]    🗄️   DBs: metrics + visitors + bans
2026-05-09 17:44:32 | INFO     | [INFO]    🔄  Hot Reload: ATIVO (HTML/CSS/JS/YAML)
2026-05-09 17:44:32 | INFO     | [INFO]  ============================================================
2026-05-09 17:44:32 | INFO     | [REQ]  [32mGET    200 /                                                 7.0ms  127.0.0.1
2026-05-09 17:44:32 | INFO     | 11 changes detected
2026-05-09 17:44:32 | INFO     | [WARN]  🛑  Server encerrado
2026-05-09 17:44:33 | INFO     | 6 changes detected
2026-05-09 17:44:34 | INFO     | [SUCCESS] 🗄️ SQLite inicializado (metrics + visitors + bans)
2026-05-09 17:44:34 | INFO     | [INFO]  ============================================================
2026-05-09 17:44:34 | INFO     | [SUCCESS]    🚀  O2 Data Solutions — Server v2 iniciado
2026-05-09 17:44:34 | INFO     | [INFO]    🌐  http://0.0.0.0:80
2026-05-09 17:44:34 | INFO     | [INFO]    📚  Docs: http://localhost:80/docs
2026-05-09 17:44:34 | INFO     | [METRIC]    📊  Métricas: http://localhost:80/api/metrics
2026-05-09 17:44:34 | INFO     | 2 changes detected
2026-05-09 17:44:34 | INFO     | [WAF]    🛡️   WAF: ATIVO | Rate Limit: 120req/60s
2026-05-09 17:44:34 | INFO     | [INFO]    🗄️   DBs: metrics + visitors + bans
2026-05-09 17:44:34 | INFO     | [INFO]    🔄  Hot Reload: ATIVO (HTML/CSS/JS/YAML)
2026-05-09 17:44:34 | INFO     | [INFO]  ============================================================
2026-05-09 17:44:34 | INFO     | 11 changes detected
2026-05-09 17:44:35 | INFO     | [WARN]  🛑  Server encerrado
2026-05-09 17:44:35 | INFO     | 1 change detected
2026-05-09 17:44:36 | INFO     | [SUCCESS] 🗄️ SQLite inicializado (metrics + visitors + bans)
2026-05-09 17:44:36 | INFO     | 2 changes detected
2026-05-09 17:44:36 | INFO     | [INFO]  ============================================================
2026-05-09 17:44:36 | INFO     | [SUCCESS]    🚀  O2 Data Solutions — Server v2 iniciado
2026-05-09 17:44:36 | INFO     | [INFO]    🌐  http://0.0.0.0:80
2026-05-09 17:44:36 | INFO     | [INFO]    📚  Docs: http://localhost:80/docs
2026-05-09 17:44:36 | INFO     | [METRIC]    📊  Métricas: http://localhost:80/api/metrics
2026-05-09 17:44:36 | INFO     | [WAF]    🛡️   WAF: ATIVO | Rate Limit: 120req/60s
2026-05-09 17:44:36 | INFO     | [INFO]    🗄️   DBs: metrics + visitors + bans
2026-05-09 17:44:36 | INFO     | [INFO]    🔄  Hot Reload: ATIVO (HTML/CSS/JS/YAML)
2026-05-09 17:44:36 | INFO     | [INFO]  ============================================================
2026-05-09 17:44:37 | INFO     | [REQ]  [32mPOST   200 /api/event                                       11.9ms  127.0.0.1
2026-05-09 17:44:37 | INFO     | 8 changes detected
2026-05-09 17:46:59 | INFO     | 1 change detected
2026-05-09 17:46:59 | INFO     | [WARN]  🛑  Server encerrado
2026-05-09 17:47:00 | INFO     | 2 changes detected
2026-05-09 17:47:01 | INFO     | [SUCCESS] 🗄️ SQLite inicializado (metrics + visitors + bans)
2026-05-09 17:47:01 | INFO     | [INFO]  ============================================================
2026-05-09 17:47:01 | INFO     | [SUCCESS]    🚀  O2 Data Solutions — Server v2 iniciado
2026-05-09 17:47:01 | INFO     | [INFO]    🌐  http://0.0.0.0:80
2026-05-09 17:47:01 | INFO     | [INFO]    📚  Docs: http://localhost:80/docs
2026-05-09 17:47:01 | INFO     | [METRIC]    📊  Métricas: http://localhost:80/api/metrics
2026-05-09 17:47:01 | INFO     | [WAF]    🛡️   WAF: ATIVO | Rate Limit: 120req/60s
2026-05-09 17:47:01 | INFO     | [INFO]    🗄️   DBs: metrics + visitors + bans
2026-05-09 17:47:01 | INFO     | [INFO]    🔄  Hot Reload: ATIVO (HTML/CSS/JS/YAML)
2026-05-09 17:47:01 | INFO     | [INFO]  ============================================================
2026-05-09 17:47:01 | INFO     | 1 change detected
2026-05-09 17:47:03 | INFO     | 1 change detected
2026-05-09 17:47:04 | INFO     | [WARN]  🛑  Server encerrado
2026-05-09 17:47:04 | INFO     | 1 change detected
2026-05-09 17:47:06 | INFO     | [SUCCESS] 🗄️ SQLite inicializado (metrics + visitors + bans)
2026-05-09 17:47:06 | INFO     | [INFO]  ============================================================
2026-05-09 17:47:06 | INFO     | [SUCCESS]    🚀  O2 Data Solutions — Server v2 iniciado
2026-05-09 17:47:06 | INFO     | [INFO]    🌐  http://0.0.0.0:80
2026-05-09 17:47:06 | INFO     | [INFO]    📚  Docs: http://localhost:80/docs
2026-05-09 17:47:06 | INFO     | [METRIC]    📊  Métricas: http://localhost:80/api/metrics
2026-05-09 17:47:06 | INFO     | [WAF]    🛡️   WAF: ATIVO | Rate Limit: 120req/60s
2026-05-09 17:47:06 | INFO     | [INFO]    🗄️   DBs: metrics + visitors + bans
2026-05-09 17:47:06 | INFO     | [INFO]    🔄  Hot Reload: ATIVO (HTML/CSS/JS/YAML)
2026-05-09 17:47:06 | INFO     | [INFO]  ============================================================
2026-05-09 17:47:06 | INFO     | 1 change detected
2026-05-09 17:47:11 | INFO     | 1 change detected
2026-05-09 17:47:11 | INFO     | [WARN]  🛑  Server encerrado
2026-05-09 17:47:12 | INFO     | 1 change detected
2026-05-09 17:47:13 | INFO     | [SUCCESS] 🗄️ SQLite inicializado (metrics + visitors + bans)
2026-05-09 17:47:13 | INFO     | 1 change detected
2026-05-09 17:47:13 | INFO     | [INFO]  ============================================================
2026-05-09 17:47:13 | INFO     | [SUCCESS]    🚀  O2 Data Solutions — Server v2 iniciado
2026-05-09 17:47:13 | INFO     | [INFO]    🌐  http://0.0.0.0:80
2026-05-09 17:47:13 | INFO     | [INFO]    📚  Docs: http://localhost:80/docs
2026-05-09 17:47:13 | INFO     | [METRIC]    📊  Métricas: http://localhost:80/api/metrics
2026-05-09 17:47:13 | INFO     | [WAF]    🛡️   WAF: ATIVO | Rate Limit: 120req/60s
2026-05-09 17:47:13 | INFO     | [INFO]    🗄️   DBs: metrics + visitors + bans
2026-05-09 17:47:13 | INFO     | [INFO]    🔄  Hot Reload: ATIVO (HTML/CSS/JS/YAML)
2026-05-09 17:47:13 | INFO     | [INFO]  ============================================================
2026-05-09 17:47:13 | INFO     | 1 change detected
2026-05-09 17:47:15 | INFO     | 1 change detected
2026-05-09 17:47:15 | INFO     | [WARN]  🛑  Server encerrado
2026-05-09 17:47:16 | INFO     | 1 change detected
2026-05-09 17:47:17 | INFO     | [SUCCESS] 🗄️ SQLite inicializado (metrics + visitors + bans)
2026-05-09 17:47:17 | INFO     | [INFO]  ============================================================
2026-05-09 17:47:17 | INFO     | [SUCCESS]    🚀  O2 Data Solutions — Server v2 iniciado
2026-05-09 17:47:17 | INFO     | [INFO]    🌐  http://0.0.0.0:80
2026-05-09 17:47:17 | INFO     | [INFO]    📚  Docs: http://localhost:80/docs
2026-05-09 17:47:17 | INFO     | [METRIC]    📊  Métricas: http://localhost:80/api/metrics
2026-05-09 17:47:17 | INFO     | [WAF]    🛡️   WAF: ATIVO | Rate Limit: 120req/60s
2026-05-09 17:47:17 | INFO     | [INFO]    🗄️   DBs: metrics + visitors + bans
2026-05-09 17:47:17 | INFO     | [INFO]    🔄  Hot Reload: ATIVO (HTML/CSS/JS/YAML)
2026-05-09 17:47:17 | INFO     | [INFO]  ============================================================
2026-05-09 17:47:17 | INFO     | 1 change detected
2026-05-09 17:51:06 | INFO     | 1 change detected
2026-05-09 17:58:18 | INFO     | 2 changes detected
2026-05-09 17:58:18 | INFO     | [WARN]  🛑  Server encerrado
2026-05-09 17:58:19 | INFO     | 1 change detected
2026-05-09 17:58:21 | INFO     | 1 change detected
2026-05-09 17:58:21 | INFO     | [SUCCESS] 🗄️ SQLite inicializado (metrics + visitors + bans)
2026-05-09 17:58:21 | INFO     | [INFO]  ============================================================
2026-05-09 17:58:21 | INFO     | [SUCCESS]    🚀  O2 Data Solutions — Server v2 iniciado
2026-05-09 17:58:21 | INFO     | [INFO]    🌐  http://0.0.0.0:80
2026-05-09 17:58:21 | INFO     | [INFO]    📚  Docs: http://localhost:80/docs
2026-05-09 17:58:21 | INFO     | [METRIC]    📊  Métricas: http://localhost:80/api/metrics
2026-05-09 17:58:21 | INFO     | [WAF]    🛡️   WAF: ATIVO | Rate Limit: 120req/60s
2026-05-09 17:58:21 | INFO     | [INFO]    🗄️   DBs: metrics + visitors + bans
2026-05-09 17:58:21 | INFO     | [INFO]    🔄  Hot Reload: ATIVO (HTML/CSS/JS/YAML)
2026-05-09 17:58:21 | INFO     | [INFO]  ============================================================
2026-05-09 17:58:21 | INFO     | 1 change detected
2026-05-09 17:58:22 | INFO     | 1 change detected
2026-05-09 18:00:29 | INFO     | 1 change detected
2026-05-09 18:00:29 | INFO     | [WARN]  🛑  Server encerrado
2026-05-09 18:00:30 | INFO     | 1 change detected
2026-05-09 18:00:31 | INFO     | 1 change detected
2026-05-09 18:00:31 | INFO     | [SUCCESS] 🗄️ SQLite inicializado (metrics + visitors + bans)
2026-05-09 18:00:31 | INFO     | [INFO]  ============================================================
2026-05-09 18:00:31 | INFO     | [SUCCESS]    🚀  O2 Data Solutions — Server v2 iniciado
2026-05-09 18:00:31 | INFO     | [INFO]    🌐  http://0.0.0.0:80
2026-05-09 18:00:31 | INFO     | [INFO]    📚  Docs: http://localhost:80/docs
2026-05-09 18:00:31 | INFO     | [METRIC]    📊  Métricas: http://localhost:80/api/metrics
2026-05-09 18:00:31 | INFO     | [WAF]    🛡️   WAF: ATIVO | Rate Limit: 120req/60s
2026-05-09 18:00:31 | INFO     | [INFO]    🗄️   DBs: metrics + visitors + bans
2026-05-09 18:00:31 | INFO     | [INFO]    🔄  Hot Reload: ATIVO (HTML/CSS/JS/YAML)
2026-05-09 18:00:31 | INFO     | [INFO]  ============================================================
2026-05-09 18:00:31 | INFO     | 1 change detected
2026-05-09 18:00:32 | INFO     | 1 change detected
2026-05-09 18:00:57 | INFO     | 1 change detected
2026-05-09 18:00:58 | INFO     | [WARN]  🛑  Server encerrado
2026-05-09 18:00:58 | INFO     | 1 change detected
2026-05-09 18:00:59 | INFO     | [SUCCESS] 🗄️ SQLite inicializado (metrics + visitors + bans)
2026-05-09 18:00:59 | INFO     | [INFO]  ============================================================
2026-05-09 18:00:59 | INFO     | [SUCCESS]    🚀  O2 Data Solutions — Server v2 iniciado
2026-05-09 18:00:59 | INFO     | [INFO]    🌐  http://0.0.0.0:80
2026-05-09 18:00:59 | INFO     | [INFO]    📚  Docs: http://localhost:80/docs
2026-05-09 18:00:59 | INFO     | [METRIC]    📊  Métricas: http://localhost:80/api/metrics
2026-05-09 18:00:59 | INFO     | [WAF]    🛡️   WAF: ATIVO | Rate Limit: 120req/60s
2026-05-09 18:00:59 | INFO     | [INFO]    🗄️   DBs: metrics + visitors + bans
2026-05-09 18:00:59 | INFO     | [INFO]    🔄  Hot Reload: ATIVO (HTML/CSS/JS/YAML)
2026-05-09 18:00:59 | INFO     | [INFO]  ============================================================
2026-05-09 18:00:59 | INFO     | 1 change detected
2026-05-09 18:01:25 | INFO     | 1 change detected
2026-05-09 18:01:25 | INFO     | [WARN]  🛑  Server encerrado
2026-05-09 18:01:26 | INFO     | 1 change detected
2026-05-09 18:01:27 | INFO     | [SUCCESS] 🗄️ SQLite inicializado (metrics + visitors + bans)
2026-05-09 18:01:27 | INFO     | [INFO]  ============================================================
2026-05-09 18:01:27 | INFO     | [SUCCESS]    🚀  O2 Data Solutions — Server v2 iniciado
2026-05-09 18:01:27 | INFO     | [INFO]    🌐  http://0.0.0.0:80
2026-05-09 18:01:27 | INFO     | [INFO]    📚  Docs: http://localhost:80/docs
2026-05-09 18:01:27 | INFO     | [METRIC]    📊  Métricas: http://localhost:80/api/metrics
2026-05-09 18:01:27 | INFO     | [WAF]    🛡️   WAF: ATIVO | Rate Limit: 120req/60s
2026-05-09 18:01:27 | INFO     | [INFO]    🗄️   DBs: metrics + visitors + bans
2026-05-09 18:01:27 | INFO     | [INFO]    🔄  Hot Reload: ATIVO (HTML/CSS/JS/YAML)
2026-05-09 18:01:27 | INFO     | [INFO]  ============================================================
2026-05-09 18:01:27 | INFO     | 1 change detected
2026-05-09 18:01:27 | INFO     | 1 change detected
2026-05-09 18:01:54 | INFO     | 1 change detected
2026-05-09 18:01:54 | INFO     | [WARN]  🛑  Server encerrado
2026-05-09 18:01:54 | INFO     | 1 change detected
2026-05-09 18:01:56 | INFO     | [SUCCESS] 🗄️ SQLite inicializado (metrics + visitors + bans)
2026-05-09 18:01:56 | INFO     | [INFO]  ============================================================
2026-05-09 18:01:56 | INFO     | [SUCCESS]    🚀  O2 Data Solutions — Server v2 iniciado
2026-05-09 18:01:56 | INFO     | [INFO]    🌐  http://0.0.0.0:80
2026-05-09 18:01:56 | INFO     | [INFO]    📚  Docs: http://localhost:80/docs
2026-05-09 18:01:56 | INFO     | [METRIC]    📊  Métricas: http://localhost:80/api/metrics
2026-05-09 18:01:56 | INFO     | [WAF]    🛡️   WAF: ATIVO | Rate Limit: 120req/60s
2026-05-09 18:01:56 | INFO     | [INFO]    🗄️   DBs: metrics + visitors + bans
2026-05-09 18:01:56 | INFO     | [INFO]    🔄  Hot Reload: ATIVO (HTML/CSS/JS/YAML)
2026-05-09 18:01:56 | INFO     | [INFO]  ============================================================
2026-05-09 18:01:56 | INFO     | 1 change detected
2026-05-09 18:01:56 | INFO     | 1 change detected
2026-05-09 18:02:20 | INFO     | 1 change detected
2026-05-09 18:02:20 | INFO     | [WARN]  🛑  Server encerrado
2026-05-09 18:02:21 | INFO     | 1 change detected
2026-05-09 18:02:22 | INFO     | [SUCCESS] 🗄️ SQLite inicializado (metrics + visitors + bans)
2026-05-09 18:02:22 | INFO     | [INFO]  ============================================================
2026-05-09 18:02:22 | INFO     | [SUCCESS]    🚀  O2 Data Solutions — Server v2 iniciado
2026-05-09 18:02:22 | INFO     | [INFO]    🌐  http://0.0.0.0:80
2026-05-09 18:02:22 | INFO     | [INFO]    📚  Docs: http://localhost:80/docs
2026-05-09 18:02:22 | INFO     | [METRIC]    📊  Métricas: http://localhost:80/api/metrics
2026-05-09 18:02:22 | INFO     | [WAF]    🛡️   WAF: ATIVO | Rate Limit: 120req/60s
2026-05-09 18:02:22 | INFO     | 1 change detected
2026-05-09 18:02:22 | INFO     | [INFO]    🗄️   DBs: metrics + visitors + bans
2026-05-09 18:02:22 | INFO     | [INFO]    🔄  Hot Reload: ATIVO (HTML/CSS/JS/YAML)
2026-05-09 18:02:22 | INFO     | [INFO]  ============================================================
2026-05-09 18:02:23 | INFO     | 1 change detected
2026-05-09 18:02:49 | INFO     | 1 change detected
2026-05-09 18:02:50 | INFO     | [WARN]  🛑  Server encerrado
2026-05-09 18:02:50 | INFO     | 1 change detected
2026-05-09 18:02:51 | INFO     | [SUCCESS] 🗄️ SQLite inicializado (metrics + visitors + bans)
2026-05-09 18:02:51 | INFO     | [INFO]  ============================================================
2026-05-09 18:02:51 | INFO     | [SUCCESS]    🚀  O2 Data Solutions — Server v2 iniciado
2026-05-09 18:02:51 | INFO     | [INFO]    🌐  http://0.0.0.0:80
2026-05-09 18:02:51 | INFO     | [INFO]    📚  Docs: http://localhost:80/docs
2026-05-09 18:02:51 | INFO     | [METRIC]    📊  Métricas: http://localhost:80/api/metrics
2026-05-09 18:02:51 | INFO     | [WAF]    🛡️   WAF: ATIVO | Rate Limit: 120req/60s
2026-05-09 18:02:51 | INFO     | [INFO]    🗄️   DBs: metrics + visitors + bans
2026-05-09 18:02:51 | INFO     | [INFO]    🔄  Hot Reload: ATIVO (HTML/CSS/JS/YAML)
2026-05-09 18:02:51 | INFO     | [INFO]  ============================================================
2026-05-09 18:02:51 | INFO     | 1 change detected
2026-05-09 18:03:26 | INFO     | 1 change detected
2026-05-09 18:03:26 | INFO     | [WARN]  🛑  Server encerrado
2026-05-09 18:03:27 | INFO     | 2 changes detected
2026-05-09 18:03:28 | INFO     | [SUCCESS] 🗄️ SQLite inicializado (metrics + visitors + bans)
2026-05-09 18:03:28 | INFO     | 1 change detected
2026-05-09 18:03:28 | INFO     | [INFO]  ============================================================
2026-05-09 18:03:28 | INFO     | [SUCCESS]    🚀  O2 Data Solutions — Server v2 iniciado
2026-05-09 18:03:28 | INFO     | [INFO]    🌐  http://0.0.0.0:80
2026-05-09 18:03:28 | INFO     | [INFO]    📚  Docs: http://localhost:80/docs
2026-05-09 18:03:28 | INFO     | [METRIC]    📊  Métricas: http://localhost:80/api/metrics
2026-05-09 18:03:28 | INFO     | [WAF]    🛡️   WAF: ATIVO | Rate Limit: 120req/60s
2026-05-09 18:03:28 | INFO     | [INFO]    🗄️   DBs: metrics + visitors + bans
2026-05-09 18:03:28 | INFO     | [INFO]    🔄  Hot Reload: ATIVO (HTML/CSS/JS/YAML)
2026-05-09 18:03:28 | INFO     | [INFO]  ============================================================
2026-05-09 18:03:29 | INFO     | 1 change detected
2026-05-09 18:03:29 | INFO     | 1 change detected
2026-05-09 18:03:54 | INFO     | 1 change detected
2026-05-09 18:03:54 | INFO     | [WARN]  🛑  Server encerrado
2026-05-09 18:03:55 | INFO     | 1 change detected
2026-05-09 18:03:56 | INFO     | [SUCCESS] 🗄️ SQLite inicializado (metrics + visitors + bans)
2026-05-09 18:03:56 | INFO     | [INFO]  ============================================================
2026-05-09 18:03:56 | INFO     | [SUCCESS]    🚀  O2 Data Solutions — Server v2 iniciado
2026-05-09 18:03:56 | INFO     | [INFO]    🌐  http://0.0.0.0:80
2026-05-09 18:03:56 | INFO     | [INFO]    📚  Docs: http://localhost:80/docs
2026-05-09 18:03:56 | INFO     | [METRIC]    📊  Métricas: http://localhost:80/api/metrics
2026-05-09 18:03:56 | INFO     | [WAF]    🛡️   WAF: ATIVO | Rate Limit: 120req/60s
2026-05-09 18:03:56 | INFO     | [INFO]    🗄️   DBs: metrics + visitors + bans
2026-05-09 18:03:56 | INFO     | [INFO]    🔄  Hot Reload: ATIVO (HTML/CSS/JS/YAML)
2026-05-09 18:03:56 | INFO     | [INFO]  ============================================================
2026-05-09 18:03:56 | INFO     | 1 change detected
2026-05-09 18:04:22 | INFO     | 1 change detected
2026-05-09 18:04:22 | INFO     | [WARN]  🛑  Server encerrado
2026-05-09 18:04:22 | INFO     | 1 change detected
2026-05-09 18:04:24 | INFO     | [SUCCESS] 🗄️ SQLite inicializado (metrics + visitors + bans)
2026-05-09 18:04:24 | INFO     | [INFO]  ============================================================
2026-05-09 18:04:24 | INFO     | [SUCCESS]    🚀  O2 Data Solutions — Server v2 iniciado
2026-05-09 18:04:24 | INFO     | [INFO]    🌐  http://0.0.0.0:80
2026-05-09 18:04:24 | INFO     | [INFO]    📚  Docs: http://localhost:80/docs
2026-05-09 18:04:24 | INFO     | [METRIC]    📊  Métricas: http://localhost:80/api/metrics
2026-05-09 18:04:24 | INFO     | [WAF]    🛡️   WAF: ATIVO | Rate Limit: 120req/60s
2026-05-09 18:04:24 | INFO     | [INFO]    🗄️   DBs: metrics + visitors + bans
2026-05-09 18:04:24 | INFO     | [INFO]    🔄  Hot Reload: ATIVO (HTML/CSS/JS/YAML)
2026-05-09 18:04:24 | INFO     | [INFO]  ============================================================
2026-05-09 18:04:24 | INFO     | 1 change detected
2026-05-09 18:04:51 | INFO     | 1 change detected
2026-05-09 18:04:51 | INFO     | [WARN]  🛑  Server encerrado
2026-05-09 18:04:52 | INFO     | 1 change detected
2026-05-09 18:04:53 | INFO     | [SUCCESS] 🗄️ SQLite inicializado (metrics + visitors + bans)
2026-05-09 18:04:53 | INFO     | [INFO]  ============================================================
2026-05-09 18:04:53 | INFO     | [SUCCESS]    🚀  O2 Data Solutions — Server v2 iniciado
2026-05-09 18:04:53 | INFO     | [INFO]    🌐  http://0.0.0.0:80
2026-05-09 18:04:53 | INFO     | [INFO]    📚  Docs: http://localhost:80/docs
2026-05-09 18:04:53 | INFO     | [METRIC]    📊  Métricas: http://localhost:80/api/metrics
2026-05-09 18:04:53 | INFO     | [WAF]    🛡️   WAF: ATIVO | Rate Limit: 120req/60s
2026-05-09 18:04:53 | INFO     | [INFO]    🗄️   DBs: metrics + visitors + bans
2026-05-09 18:04:53 | INFO     | 1 change detected
2026-05-09 18:04:53 | INFO     | [INFO]    🔄  Hot Reload: ATIVO (HTML/CSS/JS/YAML)
2026-05-09 18:04:53 | INFO     | [INFO]  ============================================================
2026-05-09 18:04:54 | INFO     | 1 change detected
2026-05-09 18:04:54 | INFO     | 1 change detected
2026-05-09 18:05:19 | INFO     | 1 change detected
2026-05-09 18:05:19 | INFO     | [WARN]  🛑  Server encerrado
2026-05-09 18:05:20 | INFO     | 1 change detected
2026-05-09 18:05:21 | INFO     | [SUCCESS] 🗄️ SQLite inicializado (metrics + visitors + bans)
2026-05-09 18:05:21 | INFO     | [INFO]  ============================================================
2026-05-09 18:05:21 | INFO     | [SUCCESS]    🚀  O2 Data Solutions — Server v2 iniciado
2026-05-09 18:05:21 | INFO     | [INFO]    🌐  http://0.0.0.0:80
2026-05-09 18:05:21 | INFO     | [INFO]    📚  Docs: http://localhost:80/docs
2026-05-09 18:05:21 | INFO     | [METRIC]    📊  Métricas: http://localhost:80/api/metrics
2026-05-09 18:05:21 | INFO     | [WAF]    🛡️   WAF: ATIVO | Rate Limit: 120req/60s
2026-05-09 18:05:21 | INFO     | [INFO]    🗄️   DBs: metrics + visitors + bans
2026-05-09 18:05:21 | INFO     | [INFO]    🔄  Hot Reload: ATIVO (HTML/CSS/JS/YAML)
2026-05-09 18:05:21 | INFO     | [INFO]  ============================================================
2026-05-09 18:05:21 | INFO     | 1 change detected
2026-05-09 18:05:48 | INFO     | 1 change detected
2026-05-09 18:05:48 | INFO     | [WARN]  🛑  Server encerrado
2026-05-09 18:05:49 | INFO     | 1 change detected
2026-05-09 18:05:50 | INFO     | [SUCCESS] 🗄️ SQLite inicializado (metrics + visitors + bans)
2026-05-09 18:05:50 | INFO     | [INFO]  ============================================================
2026-05-09 18:05:50 | INFO     | [SUCCESS]    🚀  O2 Data Solutions — Server v2 iniciado
2026-05-09 18:05:50 | INFO     | [INFO]    🌐  http://0.0.0.0:80
2026-05-09 18:05:50 | INFO     | [INFO]    📚  Docs: http://localhost:80/docs
2026-05-09 18:05:50 | INFO     | [METRIC]    📊  Métricas: http://localhost:80/api/metrics
2026-05-09 18:05:50 | INFO     | [WAF]    🛡️   WAF: ATIVO | Rate Limit: 120req/60s
2026-05-09 18:05:50 | INFO     | [INFO]    🗄️   DBs: metrics + visitors + bans
2026-05-09 18:05:50 | INFO     | [INFO]    🔄  Hot Reload: ATIVO (HTML/CSS/JS/YAML)
2026-05-09 18:05:50 | INFO     | [INFO]  ============================================================
2026-05-09 18:05:50 | INFO     | 1 change detected
2026-05-09 18:06:06 | INFO     | 1 change detected
2026-05-09 18:08:18 | INFO     | 3 changes detected
2026-05-09 18:08:19 | INFO     | [WARN]  🛑  Server encerrado
2026-05-09 18:08:19 | INFO     | 3 changes detected
2026-05-09 18:08:21 | INFO     | 1 change detected
2026-05-09 18:08:21 | INFO     | [SUCCESS] 🗄️ SQLite inicializado (metrics + visitors + bans)
2026-05-09 18:08:21 | INFO     | [INFO]  ============================================================
2026-05-09 18:08:21 | INFO     | [SUCCESS]    🚀  O2 Data Solutions — Server v2 iniciado
2026-05-09 18:08:21 | INFO     | [INFO]    🌐  http://0.0.0.0:80
2026-05-09 18:08:21 | INFO     | [INFO]    📚  Docs: http://localhost:80/docs
2026-05-09 18:08:21 | INFO     | [METRIC]    📊  Métricas: http://localhost:80/api/metrics
2026-05-09 18:08:21 | INFO     | [WAF]    🛡️   WAF: ATIVO | Rate Limit: 120req/60s
2026-05-09 18:08:21 | INFO     | [INFO]    🗄️   DBs: metrics + visitors + bans
2026-05-09 18:08:21 | INFO     | [INFO]    🔄  Hot Reload: ATIVO (HTML/CSS/JS/YAML)
2026-05-09 18:08:21 | INFO     | [INFO]  ============================================================
2026-05-09 18:08:21 | INFO     | 1 change detected
2026-05-09 18:08:58 | INFO     | 2 changes detected
2026-05-09 18:08:58 | INFO     | [WARN]  🛑  Server encerrado
2026-05-09 18:08:59 | INFO     | 1 change detected
2026-05-09 18:09:00 | INFO     | [SUCCESS] 🗄️ SQLite inicializado (metrics + visitors + bans)
2026-05-09 18:09:00 | INFO     | [INFO]  ============================================================
2026-05-09 18:09:00 | INFO     | [SUCCESS]    🚀  O2 Data Solutions — Server v2 iniciado
2026-05-09 18:09:00 | INFO     | [INFO]    🌐  http://0.0.0.0:80
2026-05-09 18:09:00 | INFO     | [INFO]    📚  Docs: http://localhost:80/docs
2026-05-09 18:09:00 | INFO     | [METRIC]    📊  Métricas: http://localhost:80/api/metrics
2026-05-09 18:09:00 | INFO     | [WAF]    🛡️   WAF: ATIVO | Rate Limit: 120req/60s
2026-05-09 18:09:00 | INFO     | [INFO]    🗄️   DBs: metrics + visitors + bans
2026-05-09 18:09:00 | INFO     | [INFO]    🔄  Hot Reload: ATIVO (HTML/CSS/JS/YAML)
2026-05-09 18:09:00 | INFO     | [INFO]  ============================================================
2026-05-09 18:09:00 | INFO     | 1 change detected
2026-05-09 18:10:46 | INFO     | 2 changes detected
2026-05-09 18:10:46 | INFO     | [WARN]  🛑  Server encerrado
2026-05-09 18:10:46 | INFO     | 2 changes detected
2026-05-09 18:10:48 | INFO     | 1 change detected
2026-05-09 18:10:48 | INFO     | [SUCCESS] 🗄️ SQLite inicializado (metrics + visitors + bans)
2026-05-09 18:10:48 | INFO     | [INFO]  ============================================================
2026-05-09 18:10:48 | INFO     | [SUCCESS]    🚀  O2 Data Solutions — Server v2 iniciado
2026-05-09 18:10:48 | INFO     | [INFO]    🌐  http://0.0.0.0:80
2026-05-09 18:10:48 | INFO     | [INFO]    📚  Docs: http://localhost:80/docs
2026-05-09 18:10:48 | INFO     | [METRIC]    📊  Métricas: http://localhost:80/api/metrics
2026-05-09 18:10:48 | INFO     | [WAF]    🛡️   WAF: ATIVO | Rate Limit: 120req/60s
2026-05-09 18:10:48 | INFO     | [INFO]    🗄️   DBs: metrics + visitors + bans
2026-05-09 18:10:48 | INFO     | [INFO]    🔄  Hot Reload: ATIVO (HTML/CSS/JS/YAML)
2026-05-09 18:10:48 | INFO     | [INFO]  ============================================================
2026-05-09 18:10:48 | INFO     | 1 change detected
2026-05-09 18:10:48 | INFO     | 1 change detected
2026-05-09 18:11:41 | INFO     | 1 change detected
2026-05-09 18:11:41 | INFO     | [WARN]  🛑  Server encerrado
2026-05-09 18:11:41 | INFO     | 1 change detected
2026-05-09 18:11:43 | INFO     | 6 changes detected
2026-05-09 18:11:58 | INFO     | 1 change detected
2026-05-09 18:11:59 | INFO     | 1 change detected
2026-05-09 18:12:00 | INFO     | 6 changes detected
2026-05-09 18:12:33 | INFO     | 1 change detected
2026-05-09 18:12:33 | INFO     | 1 change detected
2026-05-09 18:12:35 | INFO     | 6 changes detected
2026-05-09 18:13:31 | INFO     | 1 change detected
2026-05-09 18:13:32 | INFO     | 1 change detected
2026-05-09 18:13:33 | INFO     | 6 changes detected
2026-05-09 18:14:54 | INFO     | 1 change detected
2026-05-09 18:14:54 | INFO     | 1 change detected
2026-05-09 18:14:56 | INFO     | [SUCCESS] 🗄️ SQLite inicializado (metrics + visitors + bans + assessments)
2026-05-09 18:14:56 | INFO     | [INFO]  ============================================================
2026-05-09 18:14:56 | INFO     | [SUCCESS]    🚀  O2 Data Solutions — Server v2 iniciado
2026-05-09 18:14:56 | INFO     | [INFO]    🌐  http://0.0.0.0:80
2026-05-09 18:14:56 | INFO     | [INFO]    📚  Docs: http://localhost:80/docs
2026-05-09 18:14:56 | INFO     | [METRIC]    📊  Métricas: http://localhost:80/api/metrics
2026-05-09 18:14:56 | INFO     | [WAF]    🛡️   WAF: ATIVO | Rate Limit: 120req/60s
2026-05-09 18:14:56 | INFO     | [INFO]    🗄️   DBs: metrics + visitors + bans + assessments
2026-05-09 18:14:56 | INFO     | [INFO]    🔄  Hot Reload: ATIVO (HTML/CSS/JS/YAML)
2026-05-09 18:14:56 | INFO     | [INFO]  ============================================================
2026-05-09 18:14:56 | INFO     | 10 changes detected
2026-05-09 18:15:27 | INFO     | 2 changes detected
2026-05-09 18:15:27 | INFO     | [WARN]  🛑  Server encerrado
2026-05-09 18:15:27 | INFO     | 1 change detected
2026-05-09 18:15:29 | INFO     | [SUCCESS] 🗄️ SQLite inicializado (metrics + visitors + bans + assessments)
2026-05-09 18:15:29 | INFO     | [INFO]  ============================================================
2026-05-09 18:15:29 | INFO     | [SUCCESS]    🚀  O2 Data Solutions — Server v2 iniciado
2026-05-09 18:15:29 | INFO     | [INFO]    🌐  http://0.0.0.0:80
2026-05-09 18:15:29 | INFO     | [INFO]    📚  Docs: http://localhost:80/docs
2026-05-09 18:15:29 | INFO     | [METRIC]    📊  Métricas: http://localhost:80/api/metrics
2026-05-09 18:15:29 | INFO     | [WAF]    🛡️   WAF: ATIVO | Rate Limit: 120req/60s
2026-05-09 18:15:29 | INFO     | [INFO]    🗄️   DBs: metrics + visitors + bans + assessments
2026-05-09 18:15:29 | INFO     | [INFO]    🔄  Hot Reload: ATIVO (HTML/CSS/JS/YAML)
2026-05-09 18:15:29 | INFO     | [INFO]  ============================================================
2026-05-09 18:15:29 | INFO     | 1 change detected
2026-05-09 18:16:38 | INFO     | 2 changes detected
2026-05-09 18:16:38 | INFO     | [WARN]  🛑  Server encerrado
2026-05-09 18:16:39 | INFO     | 1 change detected
2026-05-09 18:16:40 | INFO     | [SUCCESS] 🗄️ SQLite inicializado (metrics + visitors + bans + assessments)
2026-05-09 18:16:40 | INFO     | [INFO]  ============================================================
2026-05-09 18:16:40 | INFO     | [SUCCESS]    🚀  O2 Data Solutions — Server v2 iniciado
2026-05-09 18:16:40 | INFO     | [INFO]    🌐  http://0.0.0.0:80
2026-05-09 18:16:40 | INFO     | [INFO]    📚  Docs: http://localhost:80/docs
2026-05-09 18:16:40 | INFO     | [METRIC]    📊  Métricas: http://localhost:80/api/metrics
2026-05-09 18:16:40 | INFO     | [WAF]    🛡️   WAF: ATIVO | Rate Limit: 120req/60s
2026-05-09 18:16:40 | INFO     | [INFO]    🗄️   DBs: metrics + visitors + bans + assessments
2026-05-09 18:16:40 | INFO     | [INFO]    🔄  Hot Reload: ATIVO (HTML/CSS/JS/YAML)
2026-05-09 18:16:40 | INFO     | [INFO]  ============================================================
2026-05-09 18:16:40 | INFO     | 1 change detected
2026-05-09 18:20:41 | INFO     | 5 changes detected
2026-05-09 18:20:41 | INFO     | 1 change detected
2026-05-09 18:20:48 | INFO     | 5 changes detected
2026-05-09 18:20:48 | INFO     | 1 change detected
2026-05-09 18:20:49 | INFO     | 1 change detected
2026-05-09 18:21:06 | INFO     | 1 change detected
2026-05-09 18:21:17 | INFO     | 5 changes detected
2026-05-09 18:21:17 | INFO     | 1 change detected
2026-05-09 18:26:01 | INFO     | 5 changes detected
2026-05-09 18:26:02 | INFO     | 1 change detected
2026-05-09 18:26:02 | INFO     | 1 change detected
2026-05-09 18:32:05 | INFO     | 1 change detected
2026-05-09 18:32:25 | INFO     | [SUCCESS] 🗄️ SQLite inicializado (metrics + visitors + bans + assessments)
2026-05-09 18:32:25 | INFO     | [INFO]  ============================================================
2026-05-09 18:32:25 | INFO     | [SUCCESS]    🚀  O2 Data Solutions — Server v2 iniciado
2026-05-09 18:32:25 | INFO     | [INFO]    🌐  http://0.0.0.0:80
2026-05-09 18:32:25 | INFO     | [INFO]    📚  Docs: http://localhost:80/docs
2026-05-09 18:32:25 | INFO     | [METRIC]    📊  Métricas: http://localhost:80/api/metrics
2026-05-09 18:32:25 | INFO     | [WAF]    🛡️   WAF: ATIVO | Rate Limit: 120req/60s
2026-05-09 18:32:25 | INFO     | [INFO]    🗄️   DBs: metrics + visitors + bans + assessments
2026-05-09 18:32:25 | INFO     | [INFO]    🔄  Hot Reload: ATIVO (HTML/CSS/JS/YAML)
2026-05-09 18:32:25 | INFO     | [INFO]  ============================================================
2026-05-09 18:32:26 | INFO     | 1 change detected
2026-05-09 18:32:30 | INFO     | [REQ]  [32mGET    200 /                                                 3.5ms  127.0.0.1
2026-05-09 18:32:30 | INFO     | 11 changes detected
2026-05-09 18:32:30 | INFO     | 11 changes detected
2026-05-09 18:32:30 | INFO     | 11 changes detected
2026-05-09 18:32:30 | INFO     | [REQ]  [32mPOST   200 /api/event                                       12.1ms  127.0.0.1
2026-05-09 18:32:31 | INFO     | 8 changes detected
2026-05-09 18:32:33 | INFO     | 10 changes detected
2026-05-09 18:32:33 | INFO     | 1 change detected
2026-05-09 18:33:43 | INFO     | [SUCCESS] 📊 Assessment: ELIAS DOS SANTOS DE ANDRADE | o2 data | supply_chain | Score: 5.0/10 (Em Desenvolvimento) | 50%
2026-05-09 18:33:43 | INFO     | [REQ]  [32mPOST   200 /api/assessment                                   9.2ms  127.0.0.1
2026-05-09 18:33:43 | INFO     | 8 changes detected
2026-05-09 18:33:43 | INFO     | 5 changes detected
2026-05-09 18:33:44 | INFO     | [MAIL] 📊 Assessment email enviado → ELIAS DOS SANTOS DE ANDRADE | Supply Chain & Compras | 5.0/10
2026-05-09 18:33:44 | INFO     | 1 change detected
2026-05-09 18:35:15 | INFO     | 10 changes detected
2026-05-09 18:35:15 | INFO     | 1 change detected
2026-05-09 18:35:15 | INFO     | [REQ]  [32mPOST   200 /api/event                                       10.4ms  127.0.0.1
2026-05-09 18:35:16 | INFO     | 8 changes detected
2026-05-09 18:36:06 | INFO     | 2 changes detected
2026-05-09 18:36:16 | INFO     | 1 change detected
2026-05-09 18:36:16 | INFO     | [WARN]  🛑  Server encerrado
2026-05-09 18:36:17 | INFO     | 1 change detected
2026-05-09 18:36:18 | INFO     | [SUCCESS] 🗄️ SQLite inicializado (metrics + visitors + bans + assessments)
2026-05-09 18:36:18 | INFO     | [INFO]  ============================================================
2026-05-09 18:36:18 | INFO     | [SUCCESS]    🚀  O2 Data Solutions — Server v2 iniciado
2026-05-09 18:36:18 | INFO     | [INFO]    🌐  http://0.0.0.0:80
2026-05-09 18:36:18 | INFO     | [INFO]    📚  Docs: http://localhost:80/docs
2026-05-09 18:36:18 | INFO     | [METRIC]    📊  Métricas: http://localhost:80/api/metrics
2026-05-09 18:36:18 | INFO     | [WAF]    🛡️   WAF: ATIVO | Rate Limit: 120req/60s
2026-05-09 18:36:18 | INFO     | [INFO]    🗄️   DBs: metrics + visitors + bans + assessments
2026-05-09 18:36:18 | INFO     | [INFO]    🔄  Hot Reload: ATIVO (HTML/CSS/JS/YAML)
2026-05-09 18:36:18 | INFO     | [INFO]  ============================================================
2026-05-09 18:36:18 | INFO     | 1 change detected
2026-05-09 18:36:19 | INFO     | 1 change detected
2026-05-09 18:41:25 | INFO     | 1 change detected
2026-05-09 18:41:25 | INFO     | [WARN]  🛑  Server encerrado
2026-05-09 18:41:26 | INFO     | 1 change detected
2026-05-09 18:41:27 | INFO     | 1 change detected
2026-05-09 18:41:27 | INFO     | [SUCCESS] 🗄️ SQLite inicializado (metrics + visitors + bans + assessments)
2026-05-09 18:41:27 | INFO     | [INFO]  ============================================================
2026-05-09 18:41:27 | INFO     | [SUCCESS]    🚀  O2 Data Solutions — Server v2 iniciado
2026-05-09 18:41:27 | INFO     | [INFO]    🌐  http://0.0.0.0:80
2026-05-09 18:41:27 | INFO     | [INFO]    📚  Docs: http://localhost:80/docs
2026-05-09 18:41:27 | INFO     | [METRIC]    📊  Métricas: http://localhost:80/api/metrics
2026-05-09 18:41:27 | INFO     | [WAF]    🛡️   WAF: ATIVO | Rate Limit: 120req/60s
2026-05-09 18:41:27 | INFO     | [INFO]    🗄️   DBs: metrics + visitors + bans + assessments
2026-05-09 18:41:27 | INFO     | [INFO]    🔄  Hot Reload: ATIVO (HTML/CSS/JS/YAML)
2026-05-09 18:41:27 | INFO     | [INFO]  ============================================================
2026-05-09 18:41:27 | INFO     | 1 change detected
2026-05-09 18:41:28 | INFO     | 1 change detected
2026-05-09 18:43:06 | INFO     | 1 change detected
2026-05-09 18:43:07 | INFO     | [WARN]  🛑  Server encerrado
2026-05-09 18:43:07 | INFO     | 1 change detected
2026-05-09 18:43:08 | INFO     | [SUCCESS] 🗄️ SQLite inicializado (metrics + visitors + bans + assessments)
2026-05-09 18:43:08 | INFO     | [INFO]  ============================================================
2026-05-09 18:43:08 | INFO     | [SUCCESS]    🚀  O2 Data Solutions — Server v2 iniciado
2026-05-09 18:43:08 | INFO     | [INFO]    🌐  http://0.0.0.0:80
2026-05-09 18:43:08 | INFO     | [INFO]    📚  Docs: http://localhost:80/docs
2026-05-09 18:43:08 | INFO     | [METRIC]    📊  Métricas: http://localhost:80/api/metrics
2026-05-09 18:43:08 | INFO     | [WAF]    🛡️   WAF: ATIVO | Rate Limit: 120req/60s
2026-05-09 18:43:08 | INFO     | [INFO]    🗄️   DBs: metrics + visitors + bans + assessments
2026-05-09 18:43:08 | INFO     | [INFO]    🔄  Hot Reload: ATIVO (HTML/CSS/JS/YAML)
2026-05-09 18:43:08 | INFO     | [INFO]  ============================================================
2026-05-09 18:43:08 | INFO     | 1 change detected
2026-05-09 18:44:18 | INFO     | 1 change detected
2026-05-09 18:44:18 | INFO     | [WARN]  🛑  Server encerrado
2026-05-09 18:44:19 | INFO     | 1 change detected
2026-05-09 18:44:20 | INFO     | [SUCCESS] 🗄️ SQLite inicializado (metrics + visitors + bans + assessments)
2026-05-09 18:44:20 | INFO     | [INFO]  ============================================================
2026-05-09 18:44:20 | INFO     | [SUCCESS]    🚀  O2 Data Solutions — Server v2 iniciado
2026-05-09 18:44:20 | INFO     | [INFO]    🌐  http://0.0.0.0:80
2026-05-09 18:44:20 | INFO     | [INFO]    📚  Docs: http://localhost:80/docs
2026-05-09 18:44:20 | INFO     | [METRIC]    📊  Métricas: http://localhost:80/api/metrics
2026-05-09 18:44:20 | INFO     | [WAF]    🛡️   WAF: ATIVO | Rate Limit: 120req/60s
2026-05-09 18:44:20 | INFO     | [INFO]    🗄️   DBs: metrics + visitors + bans + assessments
2026-05-09 18:44:20 | INFO     | [INFO]    🔄  Hot Reload: ATIVO (HTML/CSS/JS/YAML)
2026-05-09 18:44:20 | INFO     | [INFO]  ============================================================
2026-05-09 18:44:20 | INFO     | 1 change detected
2026-05-09 18:44:49 | INFO     | 1 change detected
2026-05-09 18:44:49 | INFO     | [WARN]  🛑  Server encerrado
2026-05-09 18:44:50 | INFO     | 1 change detected
2026-05-09 18:44:51 | INFO     | [SUCCESS] 🗄️ SQLite inicializado (metrics + visitors + bans + assessments)
2026-05-09 18:44:51 | INFO     | [INFO]  ============================================================
2026-05-09 18:44:51 | INFO     | [SUCCESS]    🚀  O2 Data Solutions — Server v2 iniciado
2026-05-09 18:44:51 | INFO     | [INFO]    🌐  http://0.0.0.0:80
2026-05-09 18:44:51 | INFO     | [INFO]    📚  Docs: http://localhost:80/docs
2026-05-09 18:44:51 | INFO     | [METRIC]    📊  Métricas: http://localhost:80/api/metrics
2026-05-09 18:44:51 | INFO     | [WAF]    🛡️   WAF: ATIVO | Rate Limit: 120req/60s
2026-05-09 18:44:51 | INFO     | 1 change detected
2026-05-09 18:44:51 | INFO     | [INFO]    🗄️   DBs: metrics + visitors + bans + assessments
2026-05-09 18:44:51 | INFO     | [INFO]    🔄  Hot Reload: ATIVO (HTML/CSS/JS/YAML)
2026-05-09 18:44:51 | INFO     | [INFO]  ============================================================
2026-05-09 18:44:51 | INFO     | 1 change detected
2026-05-09 18:45:32 | INFO     | 1 change detected
2026-05-09 18:45:32 | INFO     | [WARN]  🛑  Server encerrado
2026-05-09 18:45:33 | INFO     | 1 change detected
2026-05-09 18:45:35 | INFO     | [SUCCESS] 🗄️ SQLite inicializado (metrics + visitors + bans + assessments)
2026-05-09 18:45:35 | INFO     | [INFO]  ============================================================
2026-05-09 18:45:35 | INFO     | [SUCCESS]    🚀  O2 Data Solutions — Server v2 iniciado
2026-05-09 18:45:35 | INFO     | [INFO]    🌐  http://0.0.0.0:80
2026-05-09 18:45:35 | INFO     | 1 change detected
2026-05-09 18:45:35 | INFO     | [INFO]    📚  Docs: http://localhost:80/docs
2026-05-09 18:45:35 | INFO     | [METRIC]    📊  Métricas: http://localhost:80/api/metrics
2026-05-09 18:45:35 | INFO     | [WAF]    🛡️   WAF: ATIVO | Rate Limit: 120req/60s
2026-05-09 18:45:35 | INFO     | [INFO]    🗄️   DBs: metrics + visitors + bans + assessments
2026-05-09 18:45:35 | INFO     | [INFO]    🔄  Hot Reload: ATIVO (HTML/CSS/JS/YAML)
2026-05-09 18:45:35 | INFO     | [INFO]  ============================================================
2026-05-09 18:45:35 | INFO     | 1 change detected
2026-05-09 18:47:33 | INFO     | 1 change detected
2026-05-09 18:47:33 | INFO     | [WARN]  🛑  Server encerrado
2026-05-09 18:47:34 | INFO     | 1 change detected
2026-05-09 18:47:37 | INFO     | 1 change detected
2026-05-09 18:47:37 | INFO     | [SUCCESS] 🗄️ SQLite inicializado (metrics + visitors + bans + assessments)
2026-05-09 18:47:37 | INFO     | [INFO]  ============================================================
2026-05-09 18:47:37 | INFO     | [SUCCESS]    🚀  O2 Data Solutions — Server v2 iniciado
2026-05-09 18:47:37 | INFO     | [INFO]    🌐  http://0.0.0.0:80
2026-05-09 18:47:37 | INFO     | [INFO]    📚  Docs: http://localhost:80/docs
2026-05-09 18:47:37 | INFO     | [METRIC]    📊  Métricas: http://localhost:80/api/metrics
2026-05-09 18:47:37 | INFO     | [WAF]    🛡️   WAF: ATIVO | Rate Limit: 120req/60s
2026-05-09 18:47:37 | INFO     | [INFO]    🗄️   DBs: metrics + visitors + bans + assessments
2026-05-09 18:47:37 | INFO     | [INFO]    🔄  Hot Reload: ATIVO (HTML/CSS/JS/YAML)
2026-05-09 18:47:37 | INFO     | [INFO]  ============================================================
2026-05-09 18:47:37 | INFO     | 1 change detected
2026-05-09 18:47:37 | INFO     | 1 change detected
2026-05-09 18:48:22 | INFO     | 1 change detected
2026-05-09 18:48:23 | INFO     | [WARN]  🛑  Server encerrado
2026-05-09 18:48:23 | INFO     | 1 change detected
2026-05-09 18:48:25 | INFO     | [SUCCESS] 🗄️ SQLite inicializado (metrics + visitors + bans + assessments)
2026-05-09 18:48:25 | INFO     | [INFO]  ============================================================
2026-05-09 18:48:25 | INFO     | [SUCCESS]    🚀  O2 Data Solutions — Server v2 iniciado
2026-05-09 18:48:25 | INFO     | [INFO]    🌐  http://0.0.0.0:80
2026-05-09 18:48:25 | INFO     | [INFO]    📚  Docs: http://localhost:80/docs
2026-05-09 18:48:25 | INFO     | [METRIC]    📊  Métricas: http://localhost:80/api/metrics
2026-05-09 18:48:25 | INFO     | [WAF]    🛡️   WAF: ATIVO | Rate Limit: 120req/60s
2026-05-09 18:48:25 | INFO     | [INFO]    🗄️   DBs: metrics + visitors + bans + assessments
2026-05-09 18:48:25 | INFO     | [INFO]    🔄  Hot Reload: ATIVO (HTML/CSS/JS/YAML)
2026-05-09 18:48:25 | INFO     | [INFO]  ============================================================
2026-05-09 18:48:25 | INFO     | 1 change detected
2026-05-09 18:48:39 | INFO     | 1 change detected
2026-05-09 18:48:40 | INFO     | [WARN]  🛑  Server encerrado
2026-05-09 18:48:40 | INFO     | 1 change detected
2026-05-09 18:48:42 | INFO     | 1 change detected
2026-05-09 18:48:42 | INFO     | [SUCCESS] 🗄️ SQLite inicializado (metrics + visitors + bans + assessments)
2026-05-09 18:48:42 | INFO     | [INFO]  ============================================================
2026-05-09 18:48:42 | INFO     | [SUCCESS]    🚀  O2 Data Solutions — Server v2 iniciado
2026-05-09 18:48:42 | INFO     | [INFO]    🌐  http://0.0.0.0:80
2026-05-09 18:48:42 | INFO     | [INFO]    📚  Docs: http://localhost:80/docs
2026-05-09 18:48:42 | INFO     | [METRIC]    📊  Métricas: http://localhost:80/api/metrics
2026-05-09 18:48:42 | INFO     | [WAF]    🛡️   WAF: ATIVO | Rate Limit: 120req/60s
2026-05-09 18:48:42 | INFO     | [INFO]    🗄️   DBs: metrics + visitors + bans + assessments
2026-05-09 18:48:42 | INFO     | [INFO]    🔄  Hot Reload: ATIVO (HTML/CSS/JS/YAML)
2026-05-09 18:48:42 | INFO     | [INFO]  ============================================================
2026-05-09 18:48:42 | INFO     | 1 change detected
2026-05-09 18:48:51 | INFO     | 1 change detected
2026-05-09 18:48:51 | INFO     | [WARN]  🛑  Server encerrado
2026-05-09 18:48:52 | INFO     | 1 change detected
2026-05-09 18:48:53 | INFO     | 1 change detected
2026-05-09 18:48:53 | INFO     | [SUCCESS] 🗄️ SQLite inicializado (metrics + visitors + bans + assessments)
2026-05-09 18:48:53 | INFO     | [INFO]  ============================================================
2026-05-09 18:48:53 | INFO     | [SUCCESS]    🚀  O2 Data Solutions — Server v2 iniciado
2026-05-09 18:48:53 | INFO     | [INFO]    🌐  http://0.0.0.0:80
2026-05-09 18:48:53 | INFO     | [INFO]    📚  Docs: http://localhost:80/docs
2026-05-09 18:48:53 | INFO     | [METRIC]    📊  Métricas: http://localhost:80/api/metrics
2026-05-09 18:48:53 | INFO     | [WAF]    🛡️   WAF: ATIVO | Rate Limit: 120req/60s
2026-05-09 18:48:53 | INFO     | [INFO]    🗄️   DBs: metrics + visitors + bans + assessments
2026-05-09 18:48:53 | INFO     | [INFO]    🔄  Hot Reload: ATIVO (HTML/CSS/JS/YAML)
2026-05-09 18:48:53 | INFO     | [INFO]  ============================================================
2026-05-09 18:48:53 | INFO     | 1 change detected
2026-05-09 18:49:30 | INFO     | 1 change detected
2026-05-09 18:49:30 | INFO     | [WARN]  🛑  Server encerrado
2026-05-09 18:49:31 | INFO     | 1 change detected
2026-05-09 18:49:33 | INFO     | [SUCCESS] 🗄️ SQLite inicializado (metrics + visitors + bans + assessments)
2026-05-09 18:49:33 | INFO     | [INFO]  ============================================================
2026-05-09 18:49:33 | INFO     | [SUCCESS]    🚀  O2 Data Solutions — Server v2 iniciado
2026-05-09 18:49:33 | INFO     | [INFO]    🌐  http://0.0.0.0:80
2026-05-09 18:49:33 | INFO     | [INFO]    📚  Docs: http://localhost:80/docs
2026-05-09 18:49:33 | INFO     | 1 change detected
2026-05-09 18:49:33 | INFO     | [METRIC]    📊  Métricas: http://localhost:80/api/metrics
2026-05-09 18:49:33 | INFO     | [WAF]    🛡️   WAF: ATIVO | Rate Limit: 120req/60s
2026-05-09 18:49:33 | INFO     | [INFO]    🗄️   DBs: metrics + visitors + bans + assessments
2026-05-09 18:49:33 | INFO     | [INFO]    🔄  Hot Reload: ATIVO (HTML/CSS/JS/YAML)
2026-05-09 18:49:33 | INFO     | [INFO]  ============================================================
2026-05-09 18:49:33 | INFO     | 1 change detected
2026-05-09 18:50:06 | INFO     | 1 change detected
2026-05-09 18:50:06 | INFO     | [WARN]  🛑  Server encerrado
2026-05-09 18:50:07 | INFO     | 1 change detected
2026-05-09 18:50:08 | INFO     | [SUCCESS] 🗄️ SQLite inicializado (metrics + visitors + bans + assessments)
2026-05-09 18:50:08 | INFO     | [INFO]  ============================================================
2026-05-09 18:50:08 | INFO     | [SUCCESS]    🚀  O2 Data Solutions — Server v2 iniciado
2026-05-09 18:50:08 | INFO     | [INFO]    🌐  http://0.0.0.0:80
2026-05-09 18:50:08 | INFO     | [INFO]    📚  Docs: http://localhost:80/docs
2026-05-09 18:50:08 | INFO     | [METRIC]    📊  Métricas: http://localhost:80/api/metrics
2026-05-09 18:50:08 | INFO     | [WAF]    🛡️   WAF: ATIVO | Rate Limit: 120req/60s
2026-05-09 18:50:08 | INFO     | [INFO]    🗄️   DBs: metrics + visitors + bans + assessments
2026-05-09 18:50:08 | INFO     | [INFO]    🔄  Hot Reload: ATIVO (HTML/CSS/JS/YAML)
2026-05-09 18:50:08 | INFO     | [INFO]  ============================================================
2026-05-09 18:50:08 | INFO     | 1 change detected
2026-05-09 18:50:11 | INFO     | 1 change detected
2026-05-09 18:50:11 | INFO     | [WARN]  🛑  Server encerrado
2026-05-09 18:50:12 | INFO     | 1 change detected
2026-05-09 18:50:13 | INFO     | [SUCCESS] 🗄️ SQLite inicializado (metrics + visitors + bans + assessments)
2026-05-09 18:50:13 | INFO     | [INFO]  ============================================================
2026-05-09 18:50:13 | INFO     | [SUCCESS]    🚀  O2 Data Solutions — Server v2 iniciado
2026-05-09 18:50:13 | INFO     | [INFO]    🌐  http://0.0.0.0:80
2026-05-09 18:50:13 | INFO     | [INFO]    📚  Docs: http://localhost:80/docs
2026-05-09 18:50:13 | INFO     | [METRIC]    📊  Métricas: http://localhost:80/api/metrics
2026-05-09 18:50:13 | INFO     | [WAF]    🛡️   WAF: ATIVO | Rate Limit: 120req/60s
2026-05-09 18:50:13 | INFO     | [INFO]    🗄️   DBs: metrics + visitors + bans + assessments
2026-05-09 18:50:13 | INFO     | [INFO]    🔄  Hot Reload: ATIVO (HTML/CSS/JS/YAML)
2026-05-09 18:50:13 | INFO     | 1 change detected
2026-05-09 18:50:13 | INFO     | [INFO]  ============================================================
2026-05-09 18:50:13 | INFO     | 1 change detected
2026-05-09 18:50:18 | INFO     | [REQ]  [32mGET    200 /                                                 9.5ms  127.0.0.1
2026-05-09 18:50:18 | INFO     | 11 changes detected
2026-05-09 18:50:18 | INFO     | 10 changes detected
2026-05-09 18:50:18 | INFO     | 11 changes detected
2026-05-09 18:50:19 | INFO     | [REQ]  [32mPOST   200 /api/event                                       16.9ms  127.0.0.1
2026-05-09 18:50:19 | INFO     | 11 changes detected
2026-05-09 18:50:39 | INFO     | 10 changes detected
2026-05-09 18:50:39 | INFO     | 1 change detected
2026-05-09 18:51:06 | INFO     | 2 changes detected
2026-05-09 18:51:30 | INFO     | 3 changes detected
2026-05-09 18:51:31 | INFO     | 1 change detected
2026-05-09 18:53:48 | INFO     | 1 change detected
2026-05-09 18:53:48 | INFO     | [WARN]  🛑  Server encerrado
2026-05-09 18:53:49 | INFO     | 2 changes detected
2026-05-09 18:53:50 | INFO     | [SUCCESS] 🗄️ SQLite inicializado (metrics + visitors + bans + assessments)
2026-05-09 18:53:50 | INFO     | [INFO]  ============================================================
2026-05-09 18:53:50 | INFO     | [SUCCESS]    🚀  O2 Data Solutions — Server v2 iniciado
2026-05-09 18:53:50 | INFO     | [INFO]    🌐  http://0.0.0.0:80
2026-05-09 18:53:50 | INFO     | [INFO]    📚  Docs: http://localhost:80/docs
2026-05-09 18:53:50 | INFO     | [METRIC]    📊  Métricas: http://localhost:80/api/metrics
2026-05-09 18:53:50 | INFO     | [WAF]    🛡️   WAF: ATIVO | Rate Limit: 120req/60s
2026-05-09 18:53:50 | INFO     | [INFO]    🗄️   DBs: metrics + visitors + bans + assessments
2026-05-09 18:53:50 | INFO     | [INFO]    🔄  Hot Reload: ATIVO (HTML/CSS/JS/YAML)
2026-05-09 18:53:50 | INFO     | [INFO]  ============================================================
2026-05-09 18:53:50 | INFO     | 1 change detected
2026-05-09 18:53:55 | INFO     | 1 change detected
2026-05-09 18:53:55 | INFO     | [WARN]  🛑  Server encerrado
2026-05-09 18:53:56 | INFO     | 2 changes detected
2026-05-09 18:53:57 | INFO     | [SUCCESS] 🗄️ SQLite inicializado (metrics + visitors + bans + assessments)
2026-05-09 18:53:57 | INFO     | [INFO]  ============================================================
2026-05-09 18:53:57 | INFO     | [SUCCESS]    🚀  O2 Data Solutions — Server v2 iniciado
2026-05-09 18:53:57 | INFO     | [INFO]    🌐  http://0.0.0.0:80
2026-05-09 18:53:57 | INFO     | [INFO]    📚  Docs: http://localhost:80/docs
2026-05-09 18:53:57 | INFO     | [METRIC]    📊  Métricas: http://localhost:80/api/metrics
2026-05-09 18:53:58 | INFO     | [WAF]    🛡️   WAF: ATIVO | Rate Limit: 120req/60s
2026-05-09 18:53:58 | INFO     | [INFO]    🗄️   DBs: metrics + visitors + bans + assessments
2026-05-09 18:53:58 | INFO     | [INFO]    🔄  Hot Reload: ATIVO (HTML/CSS/JS/YAML)
2026-05-09 18:53:58 | INFO     | [INFO]  ============================================================
2026-05-09 18:53:58 | INFO     | 1 change detected
2026-05-09 18:53:58 | INFO     | 1 change detected
2026-05-09 18:54:23 | INFO     | 1 change detected
2026-05-09 18:54:24 | INFO     | [WARN]  🛑  Server encerrado
2026-05-09 18:54:24 | INFO     | 2 changes detected
2026-05-09 18:54:26 | INFO     | [SUCCESS] 🗄️ SQLite inicializado (metrics + visitors + bans + assessments)
2026-05-09 18:54:26 | INFO     | [INFO]  ============================================================
2026-05-09 18:54:26 | INFO     | [SUCCESS]    🚀  O2 Data Solutions — Server v2 iniciado
2026-05-09 18:54:26 | INFO     | [INFO]    🌐  http://0.0.0.0:80
2026-05-09 18:54:26 | INFO     | [INFO]    📚  Docs: http://localhost:80/docs
2026-05-09 18:54:26 | INFO     | [METRIC]    📊  Métricas: http://localhost:80/api/metrics
2026-05-09 18:54:26 | INFO     | [WAF]    🛡️   WAF: ATIVO | Rate Limit: 120req/60s
2026-05-09 18:54:26 | INFO     | [INFO]    🗄️   DBs: metrics + visitors + bans + assessments
2026-05-09 18:54:26 | INFO     | [INFO]    🔄  Hot Reload: ATIVO (HTML/CSS/JS/YAML)
2026-05-09 18:54:26 | INFO     | [INFO]  ============================================================
2026-05-09 18:54:26 | INFO     | 1 change detected
2026-05-09 18:54:47 | INFO     | 1 change detected
2026-05-09 18:54:47 | INFO     | [WARN]  🛑  Server encerrado
2026-05-09 18:54:48 | INFO     | 1 change detected
2026-05-09 18:54:49 | INFO     | 1 change detected
2026-05-09 18:54:49 | INFO     | [SUCCESS] 🗄️ SQLite inicializado (metrics + visitors + bans + assessments)
2026-05-09 18:54:49 | INFO     | [INFO]  ============================================================
2026-05-09 18:54:49 | INFO     | [SUCCESS]    🚀  O2 Data Solutions — Server v2 iniciado
2026-05-09 18:54:49 | INFO     | [INFO]    🌐  http://0.0.0.0:80
2026-05-09 18:54:49 | INFO     | [INFO]    📚  Docs: http://localhost:80/docs
2026-05-09 18:54:49 | INFO     | [METRIC]    📊  Métricas: http://localhost:80/api/metrics
2026-05-09 18:54:49 | INFO     | [WAF]    🛡️   WAF: ATIVO | Rate Limit: 120req/60s
2026-05-09 18:54:49 | INFO     | [INFO]    🗄️   DBs: metrics + visitors + bans + assessments
2026-05-09 18:54:49 | INFO     | [INFO]    🔄  Hot Reload: ATIVO (HTML/CSS/JS/YAML)
2026-05-09 18:54:49 | INFO     | [INFO]  ============================================================
2026-05-09 18:54:49 | INFO     | 1 change detected
2026-05-09 18:54:49 | INFO     | 1 change detected
2026-05-09 18:55:04 | INFO     | 10 changes detected
2026-05-09 18:55:04 | INFO     | 5 changes detected
2026-05-09 18:55:33 | INFO     | [SUCCESS] 📊 Assessment: ELIAS DOS SANTOS DE ANDRADE | o2 data | credito_risco | Score: 5.0/10 (Em Desenvolvimento) | 50%
2026-05-09 18:55:33 | INFO     | [REQ]  [32mPOST   200 /api/assessment                                   7.9ms  127.0.0.1
2026-05-09 18:55:33 | INFO     | 8 changes detected
2026-05-09 18:55:33 | INFO     | 1 change detected
2026-05-09 18:55:34 | INFO     | [MAIL] 📊 Assessment email enviado → ELIAS DOS SANTOS DE ANDRADE | Crédito & Risco | 5.0/10
2026-05-09 18:55:34 | INFO     | 1 change detected
2026-05-09 19:04:30 | INFO     | 1 change detected
2026-05-09 19:04:30 | INFO     | [WARN]  🛑  Server encerrado
2026-05-09 19:04:32 | INFO     | 2 changes detected
2026-05-09 19:04:34 | INFO     | 1 change detected
2026-05-09 19:04:34 | INFO     | [SUCCESS] 🗄️ SQLite inicializado (metrics + visitors + bans + assessments)
2026-05-09 19:04:34 | INFO     | [INFO]  ============================================================
2026-05-09 19:04:34 | INFO     | [SUCCESS]    🚀  O2 Data Solutions — Server v2 iniciado
2026-05-09 19:04:34 | INFO     | [INFO]    🌐  http://0.0.0.0:80
2026-05-09 19:04:34 | INFO     | [INFO]    📚  Docs: http://localhost:80/docs
2026-05-09 19:04:34 | INFO     | [METRIC]    📊  Métricas: http://localhost:80/api/metrics
2026-05-09 19:04:34 | INFO     | [WAF]    🛡️   WAF: ATIVO | Rate Limit: 120req/60s
2026-05-09 19:04:34 | INFO     | [INFO]    🗄️   DBs: metrics + visitors + bans + assessments
2026-05-09 19:04:34 | INFO     | [INFO]    🔄  Hot Reload: ATIVO (HTML/CSS/JS/YAML)
2026-05-09 19:04:34 | INFO     | [INFO]  ============================================================
2026-05-09 19:04:34 | INFO     | 1 change detected
2026-05-09 19:04:37 | INFO     | 1 change detected
2026-05-09 19:04:37 | INFO     | [WARN]  🛑  Server encerrado
2026-05-09 19:04:38 | INFO     | 1 change detected
2026-05-09 19:04:39 | INFO     | 1 change detected
2026-05-09 19:04:39 | INFO     | [SUCCESS] 🗄️ SQLite inicializado (metrics + visitors + bans + assessments)
2026-05-09 19:04:39 | INFO     | [INFO]  ============================================================
2026-05-09 19:04:39 | INFO     | [SUCCESS]    🚀  O2 Data Solutions — Server v2 iniciado
2026-05-09 19:04:39 | INFO     | [INFO]    🌐  http://0.0.0.0:80
2026-05-09 19:04:39 | INFO     | [INFO]    📚  Docs: http://localhost:80/docs
2026-05-09 19:04:39 | INFO     | [METRIC]    📊  Métricas: http://localhost:80/api/metrics
2026-05-09 19:04:40 | INFO     | [WAF]    🛡️   WAF: ATIVO | Rate Limit: 120req/60s
2026-05-09 19:04:40 | INFO     | [INFO]    🗄️   DBs: metrics + visitors + bans + assessments
2026-05-09 19:04:40 | INFO     | [INFO]    🔄  Hot Reload: ATIVO (HTML/CSS/JS/YAML)
2026-05-09 19:04:40 | INFO     | [INFO]  ============================================================
2026-05-09 19:04:40 | INFO     | 1 change detected
2026-05-09 19:04:40 | INFO     | 1 change detected
2026-05-09 19:06:06 | INFO     | 1 change detected
2026-05-09 19:15:10 | INFO     | 1 change detected
2026-05-09 19:15:10 | INFO     | [WARN]  🛑  Server encerrado
2026-05-09 19:15:11 | INFO     | 1 change detected
2026-05-09 19:15:14 | INFO     | 1 change detected
2026-05-09 19:15:14 | INFO     | [SUCCESS] 🗄️ SQLite inicializado (metrics + visitors + bans + assessments)
2026-05-09 19:15:14 | INFO     | [INFO]  ============================================================
2026-05-09 19:15:14 | INFO     | [SUCCESS]    🚀  O2 Data Solutions — Server v2 iniciado
2026-05-09 19:15:14 | INFO     | [INFO]    🌐  http://0.0.0.0:80
2026-05-09 19:15:14 | INFO     | [INFO]    📚  Docs: http://localhost:80/docs
2026-05-09 19:15:14 | INFO     | [METRIC]    📊  Métricas: http://localhost:80/api/metrics
2026-05-09 19:15:14 | INFO     | [WAF]    🛡️   WAF: ATIVO | Rate Limit: 120req/60s
2026-05-09 19:15:14 | INFO     | [INFO]    🗄️   DBs: metrics + visitors + bans + assessments
2026-05-09 19:15:14 | INFO     | [INFO]    🔄  Hot Reload: ATIVO (HTML/CSS/JS/YAML)
2026-05-09 19:15:14 | INFO     | [INFO]  ============================================================
2026-05-09 19:15:14 | INFO     | 1 change detected
2026-05-09 19:15:14 | INFO     | 1 change detected
2026-05-09 21:51:25 | INFO     | 1 change detected
2026-05-09 21:51:26 | INFO     | 2 changes detected
2026-05-09 21:51:26 | INFO     | [SUCCESS] 🗄️ SQLite inicializado (metrics + visitors + bans + assessments)
2026-05-09 21:51:26 | INFO     | [INFO]  ============================================================
2026-05-09 21:51:26 | INFO     | [SUCCESS]    🚀  O2 Data Solutions — Server v2 iniciado
2026-05-09 21:51:26 | INFO     | [INFO]    🌐  http://0.0.0.0:80
2026-05-09 21:51:26 | INFO     | [INFO]    📚  Docs: http://localhost:80/docs
2026-05-09 21:51:26 | INFO     | [METRIC]    📊  Métricas: http://localhost:80/api/metrics
2026-05-09 21:51:26 | INFO     | [WAF]    🛡️   WAF: ATIVO | Rate Limit: 120req/60s
2026-05-09 21:51:26 | INFO     | [INFO]    🗄️   DBs: metrics + visitors + bans + assessments
2026-05-09 21:51:26 | INFO     | [INFO]    🔄  Hot Reload: ATIVO (HTML/CSS/JS/YAML)
2026-05-09 21:51:26 | INFO     | [INFO]  ============================================================
2026-05-09 21:51:26 | INFO     | 6 changes detected
2026-05-09 21:51:33 | INFO     | [REQ]  [32mGET    200 /                                                 3.3ms  127.0.0.1
2026-05-09 21:51:33 | INFO     | 11 changes detected
2026-05-09 21:51:33 | INFO     | 10 changes detected
2026-05-09 21:51:34 | INFO     | 11 changes detected
2026-05-09 21:51:34 | INFO     | 11 changes detected
2026-05-09 21:51:34 | INFO     | [REQ]  [32mPOST   200 /api/event                                        9.8ms  127.0.0.1
2026-05-09 21:51:34 | INFO     | 8 changes detected
2026-05-09 21:51:58 | INFO     | 1 change detected
2026-05-09 21:51:58 | INFO     | [WARN]  🛑  Server encerrado
2026-05-09 21:51:59 | INFO     | 21 changes detected
2026-05-09 21:52:00 | INFO     | [SUCCESS] 🗄️ SQLite inicializado (metrics + visitors + bans + assessments)
2026-05-09 21:52:00 | INFO     | [INFO]  ============================================================
2026-05-09 21:52:00 | INFO     | [SUCCESS]    🚀  O2 Data Solutions — Server v2 iniciado
2026-05-09 21:52:00 | INFO     | [INFO]    🌐  http://0.0.0.0:80
2026-05-09 21:52:00 | INFO     | [INFO]    📚  Docs: http://localhost:80/docs
2026-05-09 21:52:00 | INFO     | [METRIC]    📊  Métricas: http://localhost:80/api/metrics
2026-05-09 21:52:00 | INFO     | [WAF]    🛡️   WAF: ATIVO | Rate Limit: 120req/60s
2026-05-09 21:52:00 | INFO     | [INFO]    🗄️   DBs: metrics + visitors + bans + assessments
2026-05-09 21:52:00 | INFO     | 2 changes detected
2026-05-09 21:52:00 | INFO     | [INFO]    🔄  Hot Reload: ATIVO (HTML/CSS/JS/YAML)
2026-05-09 21:52:00 | INFO     | [INFO]  ============================================================
2026-05-09 21:52:01 | INFO     | 1 change detected
2026-05-09 21:52:01 | INFO     | 1 change detected
2026-05-09 21:52:22 | INFO     | 1 change detected
2026-05-09 21:52:23 | INFO     | [WARN]  🛑  Server encerrado
2026-05-09 21:52:23 | INFO     | 2 changes detected
2026-05-09 21:52:25 | INFO     | [SUCCESS] 🗄️ SQLite inicializado (metrics + visitors + bans + assessments)
2026-05-09 21:52:25 | INFO     | [INFO]  ============================================================
2026-05-09 21:52:25 | INFO     | [SUCCESS]    🚀  O2 Data Solutions — Server v2 iniciado
2026-05-09 21:52:25 | INFO     | [INFO]    🌐  http://0.0.0.0:80
2026-05-09 21:52:25 | INFO     | [INFO]    📚  Docs: http://localhost:80/docs
2026-05-09 21:52:25 | INFO     | [METRIC]    📊  Métricas: http://localhost:80/api/metrics
2026-05-09 21:52:25 | INFO     | [WAF]    🛡️   WAF: ATIVO | Rate Limit: 120req/60s
2026-05-09 21:52:25 | INFO     | [INFO]    🗄️   DBs: metrics + visitors + bans + assessments
2026-05-09 21:52:25 | INFO     | [INFO]    🔄  Hot Reload: ATIVO (HTML/CSS/JS/YAML)
2026-05-09 21:52:25 | INFO     | [INFO]  ============================================================
2026-05-09 21:52:25 | INFO     | 1 change detected
2026-05-09 21:52:34 | INFO     | 10 changes detected
2026-05-09 21:52:35 | INFO     | 5 changes detected
2026-05-09 21:52:35 | INFO     | 1 change detected
2026-05-09 21:54:51 | INFO     | 2 changes detected
2026-05-09 21:54:51 | INFO     | [WARN]  🛑  Server encerrado
2026-05-09 21:54:52 | INFO     | 1 change detected
2026-05-09 21:54:53 | INFO     | [SUCCESS] 🗄️ SQLite inicializado (metrics + visitors + bans + assessments)
2026-05-09 21:54:53 | INFO     | [INFO]  ============================================================
2026-05-09 21:54:53 | INFO     | [SUCCESS]    🚀  O2 Data Solutions — Server v2 iniciado
2026-05-09 21:54:53 | INFO     | 1 change detected
2026-05-09 21:54:53 | INFO     | [INFO]    🌐  http://0.0.0.0:80
2026-05-09 21:54:53 | INFO     | [INFO]    📚  Docs: http://localhost:80/docs
2026-05-09 21:54:53 | INFO     | [METRIC]    📊  Métricas: http://localhost:80/api/metrics
2026-05-09 21:54:53 | INFO     | [WAF]    🛡️   WAF: ATIVO | Rate Limit: 120req/60s
2026-05-09 21:54:53 | INFO     | [INFO]    🗄️   DBs: metrics + visitors + bans + assessments
2026-05-09 21:54:53 | INFO     | [INFO]    🔄  Hot Reload: ATIVO (HTML/CSS/JS/YAML)
2026-05-09 21:54:53 | INFO     | [INFO]  ============================================================
2026-05-09 21:54:54 | INFO     | 1 change detected
2026-05-09 21:56:09 | INFO     | 1 change detected
2026-05-09 21:56:14 | INFO     | 1 change detected
2026-05-09 21:56:21 | INFO     | 1 change detected
2026-05-09 21:56:21 | INFO     | 3 changes detected
2026-05-09 21:56:22 | INFO     | [WARN]  🛑  Server encerrado
2026-05-09 21:56:22 | INFO     | 1 change detected
2026-05-09 21:56:25 | INFO     | 1 change detected
2026-05-09 21:56:25 | INFO     | [SUCCESS] 🗄️ SQLite inicializado (metrics + visitors + bans + assessments)
2026-05-09 21:56:25 | INFO     | [INFO]  ============================================================
2026-05-09 21:56:25 | INFO     | [SUCCESS]    🚀  O2 Data Solutions — Server v2 iniciado
2026-05-09 21:56:25 | INFO     | [INFO]    🌐  http://0.0.0.0:80
2026-05-09 21:56:25 | INFO     | [INFO]    📚  Docs: http://localhost:80/docs
2026-05-09 21:56:25 | INFO     | [METRIC]    📊  Métricas: http://localhost:80/api/metrics
2026-05-09 21:56:25 | INFO     | [WAF]    🛡️   WAF: ATIVO | Rate Limit: 120req/60s
2026-05-09 21:56:25 | INFO     | [INFO]    🗄️   DBs: metrics + visitors + bans + assessments
2026-05-09 21:56:25 | INFO     | [INFO]    🔄  Hot Reload: ATIVO (HTML/CSS/JS/YAML)
2026-05-09 21:56:25 | INFO     | [INFO]  ============================================================
2026-05-09 21:56:25 | INFO     | 1 change detected
2026-05-09 21:56:25 | INFO     | 1 change detected
2026-05-09 21:56:29 | INFO     | 2 changes detected
2026-05-09 21:56:30 | INFO     | [WARN]  🛑  Server encerrado
2026-05-09 21:56:30 | INFO     | 1 change detected
2026-05-09 21:56:31 | INFO     | 1 change detected
2026-05-09 21:56:31 | INFO     | [SUCCESS] 🗄️ SQLite inicializado (metrics + visitors + bans + assessments)
2026-05-09 21:56:31 | INFO     | [INFO]  ============================================================
2026-05-09 21:56:31 | INFO     | [SUCCESS]    🚀  O2 Data Solutions — Server v2 iniciado
2026-05-09 21:56:31 | INFO     | [INFO]    🌐  http://0.0.0.0:80
2026-05-09 21:56:31 | INFO     | [INFO]    📚  Docs: http://localhost:80/docs
2026-05-09 21:56:31 | INFO     | [METRIC]    📊  Métricas: http://localhost:80/api/metrics
2026-05-09 21:56:31 | INFO     | [WAF]    🛡️   WAF: ATIVO | Rate Limit: 120req/60s
2026-05-09 21:56:31 | INFO     | [INFO]    🗄️   DBs: metrics + visitors + bans + assessments
2026-05-09 21:56:31 | INFO     | [INFO]    🔄  Hot Reload: ATIVO (HTML/CSS/JS/YAML)
2026-05-09 21:56:31 | INFO     | [INFO]  ============================================================
2026-05-09 21:56:32 | INFO     | 1 change detected
2026-05-09 21:56:33 | INFO     | 2 changes detected
2026-05-09 21:56:34 | INFO     | [WARN]  🛑  Server encerrado
2026-05-09 21:56:34 | INFO     | 1 change detected
2026-05-09 21:56:35 | INFO     | [SUCCESS] 🗄️ SQLite inicializado (metrics + visitors + bans + assessments)
2026-05-09 21:56:35 | INFO     | [INFO]  ============================================================
2026-05-09 21:56:35 | INFO     | [SUCCESS]    🚀  O2 Data Solutions — Server v2 iniciado
2026-05-09 21:56:35 | INFO     | 1 change detected
2026-05-09 21:56:35 | INFO     | [INFO]    🌐  http://0.0.0.0:80
2026-05-09 21:56:35 | INFO     | [INFO]    📚  Docs: http://localhost:80/docs
2026-05-09 21:56:35 | INFO     | [METRIC]    📊  Métricas: http://localhost:80/api/metrics
2026-05-09 21:56:35 | INFO     | [WAF]    🛡️   WAF: ATIVO | Rate Limit: 120req/60s
2026-05-09 21:56:35 | INFO     | [INFO]    🗄️   DBs: metrics + visitors + bans + assessments
2026-05-09 21:56:35 | INFO     | [INFO]    🔄  Hot Reload: ATIVO (HTML/CSS/JS/YAML)
2026-05-09 21:56:35 | INFO     | [INFO]  ============================================================
2026-05-09 21:56:36 | INFO     | 1 change detected
2026-05-09 21:56:38 | INFO     | 2 changes detected
2026-05-09 21:56:38 | INFO     | [WARN]  🛑  Server encerrado
2026-05-09 21:56:39 | INFO     | 1 change detected
2026-05-09 21:56:40 | INFO     | 1 change detected
2026-05-09 21:56:40 | INFO     | [SUCCESS] 🗄️ SQLite inicializado (metrics + visitors + bans + assessments)
2026-05-09 21:56:40 | INFO     | [INFO]  ============================================================
2026-05-09 21:56:40 | INFO     | [SUCCESS]    🚀  O2 Data Solutions — Server v2 iniciado
2026-05-09 21:56:40 | INFO     | [INFO]    🌐  http://0.0.0.0:80
2026-05-09 21:56:40 | INFO     | [INFO]    📚  Docs: http://localhost:80/docs
2026-05-09 21:56:40 | INFO     | [METRIC]    📊  Métricas: http://localhost:80/api/metrics
2026-05-09 21:56:40 | INFO     | [WAF]    🛡️   WAF: ATIVO | Rate Limit: 120req/60s
2026-05-09 21:56:40 | INFO     | [INFO]    🗄️   DBs: metrics + visitors + bans + assessments
2026-05-09 21:56:40 | INFO     | [INFO]    🔄  Hot Reload: ATIVO (HTML/CSS/JS/YAML)
2026-05-09 21:56:40 | INFO     | [INFO]  ============================================================
2026-05-09 21:56:40 | INFO     | 1 change detected
2026-05-09 21:56:41 | INFO     | 1 change detected
2026-05-09 21:56:42 | INFO     | 2 changes detected
2026-05-09 21:56:42 | INFO     | [WARN]  🛑  Server encerrado
2026-05-09 21:56:43 | INFO     | 2 changes detected
2026-05-09 21:56:44 | INFO     | [SUCCESS] 🗄️ SQLite inicializado (metrics + visitors + bans + assessments)
2026-05-09 21:56:44 | INFO     | [INFO]  ============================================================
2026-05-09 21:56:44 | INFO     | [SUCCESS]    🚀  O2 Data Solutions — Server v2 iniciado
2026-05-09 21:56:44 | INFO     | [INFO]    🌐  http://0.0.0.0:80
2026-05-09 21:56:44 | INFO     | [INFO]    📚  Docs: http://localhost:80/docs
2026-05-09 21:56:44 | INFO     | [METRIC]    📊  Métricas: http://localhost:80/api/metrics
2026-05-09 21:56:44 | INFO     | [WAF]    🛡️   WAF: ATIVO | Rate Limit: 120req/60s
2026-05-09 21:56:44 | INFO     | [INFO]    🗄️   DBs: metrics + visitors + bans + assessments
2026-05-09 21:56:44 | INFO     | [INFO]    🔄  Hot Reload: ATIVO (HTML/CSS/JS/YAML)
2026-05-09 21:56:44 | INFO     | [INFO]  ============================================================
2026-05-09 21:56:44 | INFO     | 1 change detected
2026-05-09 21:56:51 | INFO     | 2 changes detected
2026-05-09 21:56:51 | INFO     | [WARN]  🛑  Server encerrado
2026-05-09 21:56:52 | INFO     | 1 change detected
2026-05-09 21:56:53 | INFO     | 1 change detected
2026-05-09 21:56:53 | INFO     | [SUCCESS] 🗄️ SQLite inicializado (metrics + visitors + bans + assessments)
2026-05-09 21:56:53 | INFO     | [INFO]  ============================================================
2026-05-09 21:56:53 | INFO     | [SUCCESS]    🚀  O2 Data Solutions — Server v2 iniciado
2026-05-09 21:56:53 | INFO     | [INFO]    🌐  http://0.0.0.0:80
2026-05-09 21:56:53 | INFO     | [INFO]    📚  Docs: http://localhost:80/docs
2026-05-09 21:56:53 | INFO     | [METRIC]    📊  Métricas: http://localhost:80/api/metrics
2026-05-09 21:56:53 | INFO     | [WAF]    🛡️   WAF: ATIVO | Rate Limit: 120req/60s
2026-05-09 21:56:53 | INFO     | [INFO]    🗄️   DBs: metrics + visitors + bans + assessments
2026-05-09 21:56:53 | INFO     | [INFO]    🔄  Hot Reload: ATIVO (HTML/CSS/JS/YAML)
2026-05-09 21:56:53 | INFO     | [INFO]  ============================================================
2026-05-09 21:56:53 | INFO     | 1 change detected
2026-05-09 21:56:54 | INFO     | 1 change detected
2026-05-09 21:57:00 | INFO     | 2 changes detected
2026-05-09 21:57:00 | INFO     | [WARN]  🛑  Server encerrado
2026-05-09 21:57:01 | INFO     | 1 change detected
2026-05-09 21:57:02 | INFO     | 1 change detected
2026-05-09 21:57:02 | INFO     | [SUCCESS] 🗄️ SQLite inicializado (metrics + visitors + bans + assessments)
2026-05-09 21:57:02 | INFO     | [INFO]  ============================================================
2026-05-09 21:57:02 | INFO     | [SUCCESS]    🚀  O2 Data Solutions — Server v2 iniciado
2026-05-09 21:57:02 | INFO     | [INFO]    🌐  http://0.0.0.0:80
2026-05-09 21:57:02 | INFO     | [INFO]    📚  Docs: http://localhost:80/docs
2026-05-09 21:57:02 | INFO     | [METRIC]    📊  Métricas: http://localhost:80/api/metrics
2026-05-09 21:57:02 | INFO     | [WAF]    🛡️   WAF: ATIVO | Rate Limit: 120req/60s
2026-05-09 21:57:02 | INFO     | [INFO]    🗄️   DBs: metrics + visitors + bans + assessments
2026-05-09 21:57:02 | INFO     | [INFO]    🔄  Hot Reload: ATIVO (HTML/CSS/JS/YAML)
2026-05-09 21:57:02 | INFO     | [INFO]  ============================================================
2026-05-09 21:57:02 | INFO     | 1 change detected
2026-05-09 21:57:03 | INFO     | 1 change detected
2026-05-09 21:57:03 | INFO     | 1 change detected
2026-05-09 21:57:04 | INFO     | 2 changes detected
2026-05-09 21:57:05 | INFO     | [WARN]  🛑  Server encerrado
2026-05-09 21:57:05 | INFO     | 1 change detected
2026-05-09 21:57:06 | INFO     | 1 change detected
2026-05-09 21:57:06 | INFO     | [SUCCESS] 🗄️ SQLite inicializado (metrics + visitors + bans + assessments)
2026-05-09 21:57:06 | INFO     | [INFO]  ============================================================
2026-05-09 21:57:06 | INFO     | [SUCCESS]    🚀  O2 Data Solutions — Server v2 iniciado
2026-05-09 21:57:06 | INFO     | [INFO]    🌐  http://0.0.0.0:80
2026-05-09 21:57:06 | INFO     | [INFO]    📚  Docs: http://localhost:80/docs
2026-05-09 21:57:06 | INFO     | [METRIC]    📊  Métricas: http://localhost:80/api/metrics
2026-05-09 21:57:06 | INFO     | [WAF]    🛡️   WAF: ATIVO | Rate Limit: 120req/60s
2026-05-09 21:57:06 | INFO     | [INFO]    🗄️   DBs: metrics + visitors + bans + assessments
2026-05-09 21:57:06 | INFO     | [INFO]    🔄  Hot Reload: ATIVO (HTML/CSS/JS/YAML)
2026-05-09 21:57:06 | INFO     | [INFO]  ============================================================
2026-05-09 21:57:07 | INFO     | 1 change detected
2026-05-09 21:57:07 | INFO     | 1 change detected
2026-05-09 21:57:14 | INFO     | 2 changes detected
2026-05-09 21:57:14 | INFO     | [WARN]  🛑  Server encerrado
2026-05-09 21:57:15 | INFO     | 1 change detected
2026-05-09 21:57:16 | INFO     | 1 change detected
2026-05-09 21:57:16 | INFO     | [SUCCESS] 🗄️ SQLite inicializado (metrics + visitors + bans + assessments)
2026-05-09 21:57:16 | INFO     | [INFO]  ============================================================
2026-05-09 21:57:16 | INFO     | [SUCCESS]    🚀  O2 Data Solutions — Server v2 iniciado
2026-05-09 21:57:16 | INFO     | [INFO]    🌐  http://0.0.0.0:80
2026-05-09 21:57:16 | INFO     | [INFO]    📚  Docs: http://localhost:80/docs
2026-05-09 21:57:16 | INFO     | [METRIC]    📊  Métricas: http://localhost:80/api/metrics
2026-05-09 21:57:16 | INFO     | [WAF]    🛡️   WAF: ATIVO | Rate Limit: 120req/60s
2026-05-09 21:57:16 | INFO     | [INFO]    🗄️   DBs: metrics + visitors + bans + assessments
2026-05-09 21:57:16 | INFO     | [INFO]    🔄  Hot Reload: ATIVO (HTML/CSS/JS/YAML)
2026-05-09 21:57:16 | INFO     | [INFO]  ============================================================
2026-05-09 21:57:16 | INFO     | 1 change detected
2026-05-09 21:57:18 | INFO     | 2 changes detected
2026-05-09 21:57:18 | INFO     | [WARN]  🛑  Server encerrado
2026-05-09 21:57:19 | INFO     | 1 change detected
2026-05-09 21:57:20 | INFO     | [SUCCESS] 🗄️ SQLite inicializado (metrics + visitors + bans + assessments)
2026-05-09 21:57:20 | INFO     | [INFO]  ============================================================
2026-05-09 21:57:20 | INFO     | [SUCCESS]    🚀  O2 Data Solutions — Server v2 iniciado
2026-05-09 21:57:20 | INFO     | [INFO]    🌐  http://0.0.0.0:80
2026-05-09 21:57:20 | INFO     | [INFO]    📚  Docs: http://localhost:80/docs
2026-05-09 21:57:20 | INFO     | [METRIC]    📊  Métricas: http://localhost:80/api/metrics
2026-05-09 21:57:20 | INFO     | [WAF]    🛡️   WAF: ATIVO | Rate Limit: 120req/60s
2026-05-09 21:57:20 | INFO     | [INFO]    🗄️   DBs: metrics + visitors + bans + assessments
2026-05-09 21:57:20 | INFO     | [INFO]    🔄  Hot Reload: ATIVO (HTML/CSS/JS/YAML)
2026-05-09 21:57:20 | INFO     | [INFO]  ============================================================
2026-05-09 21:57:20 | INFO     | 1 change detected
2026-05-09 21:57:23 | INFO     | 1 change detected
2026-05-09 21:57:23 | INFO     | [WARN]  🛑  Server encerrado
2026-05-09 21:57:24 | INFO     | 1 change detected
2026-05-09 21:57:25 | INFO     | [SUCCESS] 🗄️ SQLite inicializado (metrics + visitors + bans + assessments)
2026-05-09 21:57:25 | INFO     | [INFO]  ============================================================
2026-05-09 21:57:25 | INFO     | [SUCCESS]    🚀  O2 Data Solutions — Server v2 iniciado
2026-05-09 21:57:25 | INFO     | [INFO]    🌐  http://0.0.0.0:80
2026-05-09 21:57:25 | INFO     | [INFO]    📚  Docs: http://localhost:80/docs
2026-05-09 21:57:25 | INFO     | [METRIC]    📊  Métricas: http://localhost:80/api/metrics
2026-05-09 21:57:25 | INFO     | [WAF]    🛡️   WAF: ATIVO | Rate Limit: 120req/60s
2026-05-09 21:57:25 | INFO     | [INFO]    🗄️   DBs: metrics + visitors + bans + assessments
2026-05-09 21:57:25 | INFO     | [INFO]    🔄  Hot Reload: ATIVO (HTML/CSS/JS/YAML)
2026-05-09 21:57:25 | INFO     | [INFO]  ============================================================
2026-05-09 21:57:25 | INFO     | 1 change detected
2026-05-09 21:57:26 | INFO     | [REQ]  [32mGET    200 /                                                 3.5ms  127.0.0.1
2026-05-09 21:57:27 | INFO     | 11 changes detected
2026-05-09 21:57:27 | INFO     | 10 changes detected
2026-05-09 21:57:27 | INFO     | 11 changes detected
2026-05-09 21:57:27 | INFO     | [REQ]  [32mPOST   200 /api/event                                       11.8ms  127.0.0.1
2026-05-09 21:57:28 | INFO     | 12 changes detected
2026-05-09 21:57:28 | INFO     | [WARN]  🛑  Server encerrado
2026-05-09 21:57:29 | INFO     | 1 change detected
2026-05-09 21:57:30 | INFO     | 2 changes detected
2026-05-09 21:57:30 | INFO     | [SUCCESS] 🗄️ SQLite inicializado (metrics + visitors + bans + assessments)
2026-05-09 21:57:30 | INFO     | [INFO]  ============================================================
2026-05-09 21:57:30 | INFO     | [SUCCESS]    🚀  O2 Data Solutions — Server v2 iniciado
2026-05-09 21:57:30 | INFO     | [INFO]    🌐  http://0.0.0.0:80
2026-05-09 21:57:30 | INFO     | [INFO]    📚  Docs: http://localhost:80/docs
2026-05-09 21:57:30 | INFO     | [METRIC]    📊  Métricas: http://localhost:80/api/metrics
2026-05-09 21:57:30 | INFO     | [WAF]    🛡️   WAF: ATIVO | Rate Limit: 120req/60s
2026-05-09 21:57:30 | INFO     | [INFO]    🗄️   DBs: metrics + visitors + bans + assessments
2026-05-09 21:57:30 | INFO     | [INFO]    🔄  Hot Reload: ATIVO (HTML/CSS/JS/YAML)
2026-05-09 21:57:30 | INFO     | [INFO]  ============================================================
2026-05-09 21:57:30 | INFO     | 1 change detected
2026-05-09 21:57:30 | INFO     | 1 change detected
2026-05-09 21:57:32 | INFO     | 1 change detected
2026-05-09 21:57:32 | INFO     | [WARN]  🛑  Server encerrado
2026-05-09 21:57:33 | INFO     | 1 change detected
2026-05-09 21:57:34 | INFO     | [SUCCESS] 🗄️ SQLite inicializado (metrics + visitors + bans + assessments)
2026-05-09 21:57:34 | INFO     | [INFO]  ============================================================
2026-05-09 21:57:34 | INFO     | [SUCCESS]    🚀  O2 Data Solutions — Server v2 iniciado
2026-05-09 21:57:34 | INFO     | [INFO]    🌐  http://0.0.0.0:80
2026-05-09 21:57:34 | INFO     | [INFO]    📚  Docs: http://localhost:80/docs
2026-05-09 21:57:34 | INFO     | [METRIC]    📊  Métricas: http://localhost:80/api/metrics
2026-05-09 21:57:34 | INFO     | [WAF]    🛡️   WAF: ATIVO | Rate Limit: 120req/60s
2026-05-09 21:57:34 | INFO     | [INFO]    🗄️   DBs: metrics + visitors + bans + assessments
2026-05-09 21:57:34 | INFO     | [INFO]    🔄  Hot Reload: ATIVO (HTML/CSS/JS/YAML)
2026-05-09 21:57:34 | INFO     | [INFO]  ============================================================
2026-05-09 21:57:34 | INFO     | 1 change detected
2026-05-09 21:57:37 | INFO     | 1 change detected
2026-05-09 21:57:38 | INFO     | [WARN]  🛑  Server encerrado
2026-05-09 21:57:38 | INFO     | 1 change detected
2026-05-09 21:57:39 | INFO     | [SUCCESS] 🗄️ SQLite inicializado (metrics + visitors + bans + assessments)
2026-05-09 21:57:39 | INFO     | [INFO]  ============================================================
2026-05-09 21:57:39 | INFO     | [SUCCESS]    🚀  O2 Data Solutions — Server v2 iniciado
2026-05-09 21:57:39 | INFO     | 1 change detected
p://0.0.0.0:80
2026-05-09 21:57:39 | INFO     | [INFO]    📚  Docs: http://localhost:80/docs
2026-05-09 21:57:39 | INFO     | [METRIC]    📊  Métricas: http://localhost:80/api/metrics
2026-05-09 21:57:39 | INFO     | [WAF]    🛡️   WAF: ATIVO | Rate Limit: 120req/60s
2026-05-09 21:57:39 | INFO     | [INFO]    🗄️   DBs: metrics + visitors + bans + assessments
2026-05-09 21:57:39 | INFO     | [INFO]    🔄  Hot Reload: ATIVO (HTML/CSS/JS/YAML)
2026-05-09 21:57:39 | INFO     | [INFO]  ============================================================
2026-05-09 21:57:40 | INFO     | 1 change detected
2026-05-09 21:57:40 | INFO     | 1 change detected
2026-05-09 21:57:43 | INFO     | 1 change detected
2026-05-09 21:57:43 | INFO     | 3 changes detected
2026-05-09 21:57:43 | INFO     | [WARN]  🛑  Server encerrado
2026-05-09 21:57:44 | INFO     | 1 change detected
2026-05-09 21:57:45 | INFO     | [SUCCESS] 🗄️ SQLite inicializado (metrics + visitors + bans + assessments)
2026-05-09 21:57:45 | INFO     | [INFO]  ============================================================
2026-05-09 21:57:45 | INFO     | [SUCCESS]    🚀  O2 Data Solutions — Server v2 iniciado
2026-05-09 21:57:45 | INFO     | [INFO]    🌐  http://0.0.0.0:80
2026-05-09 21:57:45 | INFO     | [INFO]    📚  Docs: http://localhost:80/docs
2026-05-09 21:57:45 | INFO     | [METRIC]    📊  Métricas: http://localhost:80/api/metrics
2026-05-09 21:57:45 | INFO     | [WAF]    🛡️   WAF: ATIVO | Rate Limit: 120req/60s
2026-05-09 21:57:45 | INFO     | [INFO]    🗄️   DBs: metrics + visitors + bans + assessments
2026-05-09 21:57:45 | INFO     | [INFO]    🔄  Hot Reload: ATIVO (HTML/CSS/JS/YAML)
2026-05-09 21:57:45 | INFO     | [INFO]  ============================================================
2026-05-09 21:57:45 | INFO     | 1 change detected
2026-05-09 21:57:47 | INFO     | 2 changes detected
2026-05-09 21:57:47 | INFO     | [WARN]  🛑  Server encerrado
2026-05-09 21:57:48 | INFO     | 1 change detected
2026-05-09 21:57:49 | INFO     | 1 change detected
2026-05-09 21:57:49 | INFO     | [SUCCESS] 🗄️ SQLite inicializado (metrics + visitors + bans + assessments)
2026-05-09 21:57:49 | INFO     | [INFO]  ============================================================
2026-05-09 21:57:49 | INFO     | [SUCCESS]    🚀  O2 Data Solutions — Server v2 iniciado
2026-05-09 21:57:49 | INFO     | [INFO]    🌐  http://0.0.0.0:80
2026-05-09 21:57:49 | INFO     | [INFO]    📚  Docs: http://localhost:80/docs
2026-05-09 21:57:49 | INFO     | [METRIC]    📊  Métricas: http://localhost:80/api/metrics
2026-05-09 21:57:49 | INFO     | [WAF]    🛡️   WAF: ATIVO | Rate Limit: 120req/60s
2026-05-09 21:57:49 | INFO     | [INFO]    🗄️   DBs: metrics + visitors + bans + assessments
2026-05-09 21:57:49 | INFO     | [INFO]    🔄  Hot Reload: ATIVO (HTML/CSS/JS/YAML)
2026-05-09 21:57:49 | INFO     | [INFO]  ============================================================
2026-05-09 21:57:49 | INFO     | 1 change detected
2026-05-09 21:57:54 | INFO     | 2 changes detected
2026-05-09 21:57:54 | INFO     | [WARN]  🛑  Server encerrado
2026-05-09 21:57:55 | INFO     | 1 change detected
2026-05-09 21:57:56 | INFO     | 1 change detected
2026-05-09 21:57:56 | INFO     | [SUCCESS] 🗄️ SQLite inicializado (metrics + visitors + bans + assessments)
2026-05-09 21:57:56 | INFO     | [INFO]  ============================================================
2026-05-09 21:57:56 | INFO     | [SUCCESS]    🚀  O2 Data Solutions — Server v2 iniciado
2026-05-09 21:57:56 | INFO     | [INFO]    🌐  http://0.0.0.0:80
2026-05-09 21:57:56 | INFO     | [INFO]    📚  Docs: http://localhost:80/docs
2026-05-09 21:57:56 | INFO     | [METRIC]    📊  Métricas: http://localhost:80/api/metrics
2026-05-09 21:57:56 | INFO     | [WAF]    🛡️   WAF: ATIVO | Rate Limit: 120req/60s
2026-05-09 21:57:56 | INFO     | [INFO]    🗄️   DBs: metrics + visitors + bans + assessments
2026-05-09 21:57:56 | INFO     | [INFO]    🔄  Hot Reload: ATIVO (HTML/CSS/JS/YAML)
2026-05-09 21:57:56 | INFO     | [INFO]  ============================================================
2026-05-09 21:57:56 | INFO     | 1 change detected
2026-05-09 21:57:56 | INFO     | 1 change detected
2026-05-09 21:58:01 | INFO     | 1 change detected
2026-05-09 21:58:01 | INFO     | [WARN]  🛑  Server encerrado
2026-05-09 21:58:02 | INFO     | 1 change detected
2026-05-09 21:58:03 | INFO     | [SUCCESS] 🗄️ SQLite inicializado (metrics + visitors + bans + assessments)
2026-05-09 21:58:03 | INFO     | [INFO]  ============================================================
2026-05-09 21:58:03 | INFO     | [SUCCESS]    🚀  O2 Data Solutions — Server v2 iniciado
2026-05-09 21:58:03 | INFO     | [INFO]    🌐  http://0.0.0.0:80
2026-05-09 21:58:03 | INFO     | [INFO]    📚  Docs: http://localhost:80/docs
2026-05-09 21:58:03 | INFO     | [METRIC]    📊  Métricas: http://localhost:80/api/metrics
2026-05-09 21:58:03 | INFO     | [WAF]    🛡️   WAF: ATIVO | Rate Limit: 120req/60s
2026-05-09 21:58:03 | INFO     | [INFO]    🗄️   DBs: metrics + visitors + bans + assessments
2026-05-09 21:58:03 | INFO     | [INFO]    🔄  Hot Reload: ATIVO (HTML/CSS/JS/YAML)
2026-05-09 21:58:03 | INFO     | [INFO]  ============================================================
2026-05-09 21:58:03 | INFO     | 6 changes detected
2026-05-09 21:58:08 | INFO     | 1 change detected
2026-05-09 21:58:08 | INFO     | [WARN]  🛑  Server encerrado
2026-05-09 21:58:09 | INFO     | 1 change detected
2026-05-09 21:58:10 | INFO     | [SUCCESS] 🗄️ SQLite inicializado (metrics + visitors + bans + assessments)
2026-05-09 21:58:10 | INFO     | [INFO]  ============================================================
2026-05-09 21:58:10 | INFO     | [SUCCESS]    🚀  O2 Data Solutions — Server v2 iniciado
2026-05-09 21:58:10 | INFO     | [INFO]    🌐  http://0.0.0.0:80
2026-05-09 21:58:10 | INFO     | [INFO]    📚  Docs: http://localhost:80/docs
2026-05-09 21:58:10 | INFO     | [METRIC]    📊  Métricas: http://localhost:80/api/metrics
2026-05-09 21:58:10 | INFO     | [WAF]    🛡️   WAF: ATIVO | Rate Limit: 120req/60s
2026-05-09 21:58:10 | INFO     | [INFO]    🗄️   DBs: metrics + visitors + bans + assessments
2026-05-09 21:58:10 | INFO     | [INFO]    🔄  Hot Reload: ATIVO (HTML/CSS/JS/YAML)
2026-05-09 21:58:10 | INFO     | [INFO]  ============================================================
2026-05-09 21:58:10 | INFO     | 1 change detected
2026-05-09 22:06:07 | INFO     | 1 change detected
2026-05-09 22:06:35 | INFO     | 10 changes detected
2026-05-09 22:06:35 | INFO     | 1 change detected
2026-05-09 22:06:54 | INFO     | 10 changes detected
2026-05-09 22:06:54 | INFO     | 11 changes detected
2026-05-09 22:06:54 | INFO     | [REQ]  [32mPOST   200 /api/event                                       10.8ms  127.0.0.1
2026-05-09 22:06:55 | INFO     | 8 changes detected
2026-05-09 22:11:02 | INFO     | 2 changes detected
2026-05-09 22:21:07 | INFO     | 1 change detected
2026-05-09 22:36:07 | INFO     | 1 change detected
2026-05-09 22:36:22 | INFO     | 1 change detected
2026-05-09 22:36:22 | INFO     | [WARN]  🛑  Server encerrado
2026-05-09 22:36:23 | INFO     | 2 changes detected
2026-05-09 22:36:28 | INFO     | 1 change detected
2026-05-09 22:36:29 | INFO     | [SUCCESS] 🗄️ SQLite inicializado (metrics + visitors + bans + assessments)
2026-05-09 22:36:29 | INFO     | [INFO]  ============================================================
2026-05-09 22:36:29 | INFO     | [SUCCESS]    🚀  O2 Data Solutions — Server v2 iniciado
2026-05-09 22:36:29 | INFO     | [INFO]    🌐  http://0.0.0.0:80
2026-05-09 22:36:29 | INFO     | [INFO]    📚  Docs: http://localhost:80/docs
2026-05-09 22:36:29 | INFO     | [METRIC]    📊  Métricas: http://localhost:80/api/metrics
2026-05-09 22:36:29 | INFO     | [WAF]    🛡️   WAF: ATIVO | Rate Limit: 120req/60s
2026-05-09 22:36:29 | INFO     | [INFO]    🗄️   DBs: metrics + visitors + bans + assessments
2026-05-09 22:36:29 | INFO     | [INFO]    🔄  Hot Reload: ATIVO (HTML/CSS/JS/YAML)
2026-05-09 22:36:29 | INFO     | [INFO]  ============================================================
2026-05-09 22:36:29 | INFO     | 1 change detected
2026-05-09 22:36:29 | INFO     | 1 change detected
2026-05-09 22:37:10 | INFO     | 2 changes detected
2026-05-09 22:37:10 | INFO     | [WARN]  🛑  Server encerrado
2026-05-09 22:37:11 | INFO     | 1 change detected
2026-05-09 22:37:13 | INFO     | [SUCCESS] 🗄️ SQLite inicializado (metrics + visitors + bans + assessments)
2026-05-09 22:37:13 | INFO     | [INFO]  ============================================================
2026-05-09 22:37:13 | INFO     | [SUCCESS]    🚀  O2 Data Solutions — Server v2 iniciado
2026-05-09 22:37:13 | INFO     | [INFO]    🌐  http://0.0.0.0:80
2026-05-09 22:37:13 | INFO     | [INFO]    📚  Docs: http://localhost:80/docs
2026-05-09 22:37:13 | INFO     | [METRIC]    📊  Métricas: http://localhost:80/api/metrics
2026-05-09 22:37:13 | INFO     | [WAF]    🛡️   WAF: ATIVO | Rate Limit: 120req/60s
2026-05-09 22:37:13 | INFO     | [INFO]    🗄️   DBs: metrics + visitors + bans + assessments
2026-05-09 22:37:13 | INFO     | [INFO]    🔄  Hot Reload: ATIVO (HTML/CSS/JS/YAML)
2026-05-09 22:37:13 | INFO     | [INFO]  ============================================================
2026-05-09 22:37:13 | INFO     | 1 change detected
2026-05-09 22:38:35 | INFO     | 1 change detected
2026-05-09 22:38:35 | INFO     | [WARN]  🛑  Server encerrado
2026-05-09 22:38:36 | INFO     | 1 change detected
2026-05-09 22:38:38 | INFO     | [SUCCESS] 🗄️ SQLite inicializado (metrics + visitors + bans + assessments)
2026-05-09 22:38:38 | INFO     | [INFO]  ============================================================
2026-05-09 22:38:38 | INFO     | [SUCCESS]    🚀  O2 Data Solutions — Server v2 iniciado
2026-05-09 22:38:38 | INFO     | [INFO]    🌐  http://0.0.0.0:80
2026-05-09 22:38:38 | INFO     | [INFO]    📚  Docs: http://localhost:80/docs
2026-05-09 22:38:38 | INFO     | 2 changes detected
2026-05-09 22:38:38 | INFO     | [METRIC]    📊  Métricas: http://localhost:80/api/metrics
2026-05-09 22:38:38 | INFO     | [WAF]    🛡️   WAF: ATIVO | Rate Limit: 120req/60s
2026-05-09 22:38:38 | INFO     | [INFO]    🗄️   DBs: metrics + visitors + bans + assessments
2026-05-09 22:38:38 | INFO     | [INFO]    🔄  Hot Reload: ATIVO (HTML/CSS/JS/YAML)
2026-05-09 22:38:38 | INFO     | [INFO]  ============================================================
2026-05-09 22:38:38 | INFO     | 1 change detected
2026-05-09 22:38:58 | INFO     | 1 change detected
2026-05-09 22:38:58 | INFO     | [WARN]  🛑  Server encerrado
2026-05-09 22:38:59 | INFO     | 1 change detected
2026-05-09 22:39:01 | INFO     | [SUCCESS] 🗄️ SQLite inicializado (metrics + visitors + bans + assessments)
2026-05-09 22:39:01 | INFO     | [INFO]  ============================================================
2026-05-09 22:39:01 | INFO     | [SUCCESS]    🚀  O2 Data Solutions — Server v2 iniciado
2026-05-09 22:39:01 | INFO     | [INFO]    🌐  http://0.0.0.0:80
2026-05-09 22:39:01 | INFO     | [INFO]    📚  Docs: http://localhost:80/docs
2026-05-09 22:39:01 | INFO     | [METRIC]    📊  Métricas: http://localhost:80/api/metrics
2026-05-09 22:39:01 | INFO     | [WAF]    🛡️   WAF: ATIVO | Rate Limit: 120req/60s
2026-05-09 22:39:01 | INFO     | [INFO]    🗄️   DBs: metrics + visitors + bans + assessments
2026-05-09 22:39:01 | INFO     | 1 change detected
2026-05-09 22:39:01 | INFO     | [INFO]    🔄  Hot Reload: ATIVO (HTML/CSS/JS/YAML)
2026-05-09 22:39:01 | INFO     | [INFO]  ============================================================
2026-05-09 22:39:01 | INFO     | 1 change detected
2026-05-09 22:42:14 | INFO     | 3 changes detected
2026-05-09 22:42:15 | INFO     | [WARN]  🛑  Server encerrado
2026-05-09 22:42:16 | INFO     | 2 changes detected
2026-05-09 22:42:17 | INFO     | 1 change detected
2026-05-09 22:42:17 | INFO     | [SUCCESS] 🗄️ SQLite inicializado (metrics + visitors + bans + assessments)
2026-05-09 22:42:17 | INFO     | [INFO]  ============================================================
2026-05-09 22:42:17 | INFO     | [SUCCESS]    🚀  O2 Data Solutions — Server v2 iniciado
2026-05-09 22:42:17 | INFO     | [INFO]    🌐  http://0.0.0.0:80
2026-05-09 22:42:17 | INFO     | [INFO]    📚  Docs: http://localhost:80/docs
2026-05-09 22:42:17 | INFO     | [METRIC]    📊  Métricas: http://localhost:80/api/metrics
2026-05-09 22:42:17 | INFO     | [WAF]    🛡️   WAF: ATIVO | Rate Limit: 120req/60s
2026-05-09 22:42:17 | INFO     | [INFO]    🗄️   DBs: metrics + visitors + bans + assessments
2026-05-09 22:42:17 | INFO     | [INFO]    🔄  Hot Reload: ATIVO (HTML/CSS/JS/YAML)
2026-05-09 22:42:17 | INFO     | [INFO]  ============================================================
2026-05-09 22:42:17 | INFO     | 1 change detected
2026-05-09 22:42:21 | INFO     | 1 change detected
2026-05-09 22:42:22 | INFO     | 3 changes detected
2026-05-09 22:42:22 | INFO     | [WARN]  🛑  Server encerrado
2026-05-09 22:42:23 | INFO     | 1 change detected
2026-05-09 22:42:24 | INFO     | [SUCCESS] 🗄️ SQLite inicializado (metrics + visitors + bans + assessments)
2026-05-09 22:42:24 | INFO     | [INFO]  ============================================================
2026-05-09 22:42:24 | INFO     | [SUCCESS]    🚀  O2 Data Solutions — Server v2 iniciado
2026-05-09 22:42:24 | INFO     | [INFO]    🌐  http://0.0.0.0:80
2026-05-09 22:42:24 | INFO     | [INFO]    📚  Docs: http://localhost:80/docs
2026-05-09 22:42:24 | INFO     | [METRIC]    📊  Métricas: http://localhost:80/api/metrics
2026-05-09 22:42:24 | INFO     | [WAF]    🛡️   WAF: ATIVO | Rate Limit: 120req/60s
2026-05-09 22:42:24 | INFO     | [INFO]    🗄️   DBs: metrics + visitors + bans + assessments
2026-05-09 22:42:24 | INFO     | [INFO]    🔄  Hot Reload: ATIVO (HTML/CSS/JS/YAML)
2026-05-09 22:42:24 | INFO     | [INFO]  ============================================================
2026-05-09 22:42:24 | INFO     | 1 change detected
2026-05-09 22:42:27 | INFO     | 2 changes detected
2026-05-09 22:42:27 | INFO     | [WARN]  🛑  Server encerrado
2026-05-09 22:42:28 | INFO     | 2 changes detected
2026-05-09 22:42:30 | INFO     | 1 change detected
2026-05-09 22:42:30 | INFO     | [SUCCESS] 🗄️ SQLite inicializado (metrics + visitors + bans + assessments)
2026-05-09 22:42:30 | INFO     | [INFO]  ============================================================
2026-05-09 22:42:30 | INFO     | [SUCCESS]    🚀  O2 Data Solutions — Server v2 iniciado
2026-05-09 22:42:30 | INFO     | [INFO]    🌐  http://0.0.0.0:80
2026-05-09 22:42:30 | INFO     | [INFO]    📚  Docs: http://localhost:80/docs
2026-05-09 22:42:30 | INFO     | [METRIC]    📊  Métricas: http://localhost:80/api/metrics
2026-05-09 22:42:30 | INFO     | [WAF]    🛡️   WAF: ATIVO | Rate Limit: 120req/60s
2026-05-09 22:42:30 | INFO     | [INFO]    🗄️   DBs: metrics + visitors + bans + assessments
2026-05-09 22:42:30 | INFO     | [INFO]    🔄  Hot Reload: ATIVO (HTML/CSS/JS/YAML)
2026-05-09 22:42:30 | INFO     | [INFO]  ============================================================
2026-05-09 22:42:30 | INFO     | 1 change detected
2026-05-10 10:19:51 | INFO     | [SUCCESS] 🗄️ SQLite inicializado (metrics + visitors + bans + assessments)
2026-05-10 10:19:51 | INFO     | [INFO]  ============================================================
2026-05-10 10:19:51 | INFO     | [SUCCESS]    🚀  O2 Data Solutions — Server v2 iniciado
2026-05-10 10:19:51 | INFO     | [INFO]    🌐  http://0.0.0.0:80
2026-05-10 10:19:51 | INFO     | [INFO]    📚  Docs: http://localhost:80/docs
2026-05-10 10:19:51 | INFO     | [METRIC]    📊  Métricas: http://localhost:80/api/metrics
2026-05-10 10:19:51 | INFO     | [WAF]    🛡️   WAF: ATIVO | Rate Limit: 120req/60s
2026-05-10 10:19:51 | INFO     | [INFO]    🗄️   DBs: metrics + visitors + bans + assessments
2026-05-10 10:19:51 | INFO     | [INFO]    🔄  Hot Reload: ATIVO (HTML/CSS/JS/YAML)
2026-05-10 10:19:51 | INFO     | [INFO]  ============================================================
2026-05-10 10:19:51 | INFO     | 1 change detected
2026-05-10 10:19:52 | INFO     | 1 change detected
2026-05-10 10:19:52 | INFO     | 1 change detected
2026-05-10 10:20:04 | INFO     | [REQ]  [32mGET    200 /                                                 4.8ms  127.0.0.1
2026-05-10 10:20:04 | INFO     | 11 changes detected
2026-05-10 10:20:05 | INFO     | 10 changes detected
2026-05-10 10:20:05 | INFO     | 11 changes detected
2026-05-10 10:20:05 | INFO     | 10 changes detected
2026-05-10 10:20:06 | INFO     | [REQ]  [32mPOST   200 /api/event                                       12.0ms  127.0.0.1
2026-05-10 10:20:06 | INFO     | 11 changes detected
2026-05-10 10:20:06 | INFO     | 1 change detected
2026-05-10 10:20:55 | INFO     | 4 changes detected
2026-05-10 10:20:55 | INFO     | 1 change detected
2026-05-10 10:21:36 | INFO     | 2 changes detected
2026-05-10 10:21:36 | INFO     | [WARN]  🛑  Server encerrado
2026-05-10 10:21:37 | INFO     | 2 changes detected
2026-05-10 10:21:38 | INFO     | [SUCCESS] 🗄️ SQLite inicializado (metrics + visitors + bans + assessments)
2026-05-10 10:21:38 | INFO     | [INFO]  ============================================================
2026-05-10 10:21:38 | INFO     | [SUCCESS]    🚀  O2 Data Solutions — Server v2 iniciado
2026-05-10 10:21:38 | INFO     | [INFO]    🌐  http://0.0.0.0:80
2026-05-10 10:21:38 | INFO     | [INFO]    📚  Docs: http://localhost:80/docs
2026-05-10 10:21:38 | INFO     | [METRIC]    📊  Métricas: http://localhost:80/api/metrics
2026-05-10 10:21:38 | INFO     | [WAF]    🛡️   WAF: ATIVO | Rate Limit: 120req/60s
2026-05-10 10:21:38 | INFO     | [INFO]    🗄️   DBs: metrics + visitors + bans + assessments
2026-05-10 10:21:38 | INFO     | [INFO]    🔄  Hot Reload: ATIVO (HTML/CSS/JS/YAML)
2026-05-10 10:21:38 | INFO     | [INFO]  ============================================================
2026-05-10 10:24:04 | INFO     | [REQ]  [32mGET    200 /                                                 4.0ms  127.0.0.1
2026-05-10 10:24:06 | INFO     | [REQ]  [32mPOST   200 /api/event                                       10.6ms  127.0.0.1
2026-05-10 10:24:32 | INFO     | [REQ]  [32mGET    200 /                                                 1.8ms  127.0.0.1
2026-05-10 10:24:34 | INFO     | [REQ]  [32mPOST   200 /api/event                                       14.7ms  127.0.0.1
2026-05-10 14:11:51 | INFO     | [SUCCESS] 🗄️ SQLite inicializado (metrics + visitors + bans + assessments)
2026-05-10 14:11:51 | INFO     | [INFO]  ============================================================
2026-05-10 14:11:51 | INFO     | [SUCCESS]    🚀  O2 Data Solutions — Server v2 iniciado
2026-05-10 14:11:51 | INFO     | [INFO]    🌐  http://0.0.0.0:80
2026-05-10 14:11:51 | INFO     | [INFO]    📚  Docs: http://localhost:80/docs
2026-05-10 14:11:51 | INFO     | [METRIC]    📊  Métricas: http://localhost:80/api/metrics
2026-05-10 14:11:51 | INFO     | [WAF]    🛡️   WAF: ATIVO | Rate Limit: 120req/60s
2026-05-10 14:11:51 | INFO     | [INFO]    🗄️   DBs: metrics + visitors + bans + assessments
2026-05-10 14:11:51 | INFO     | [INFO]    🔄  Hot Reload: ATIVO (HTML/CSS/JS/YAML)
2026-05-10 14:11:51 | INFO     | [INFO]  ============================================================
2026-05-10 14:11:51 | INFO     | 6 changes detected
2026-05-10 14:12:23 | INFO     | [REQ]  [32mGET    200 /                                                 5.3ms  127.0.0.1
2026-05-10 14:12:23 | INFO     | 11 changes detected
2026-05-10 14:12:24 | INFO     | 10 changes detected
2026-05-10 14:12:24 | INFO     | 11 changes detected
2026-05-10 14:12:24 | INFO     | 10 changes detected
2026-05-10 14:12:24 | INFO     | [REQ]  [32mPOST   200 /api/event                                        7.9ms  127.0.0.1
2026-05-10 14:12:25 | INFO     | 9 changes detected
2026-05-10 14:12:25 | INFO     | 1 change detected
2026-05-10 14:13:01 | INFO     | 10 changes detected
2026-05-10 14:13:02 | INFO     | 1 change detected
2026-05-10 14:13:56 | INFO     | [SUCCESS] 📊 Assessment: Elias dos santos de Andrade | o2 data solutions | supply_chain | Score: 5.0/10 (Em Desenvolvimento) | 50%
2026-05-10 14:13:56 | INFO     | [REQ]  [32mPOST   200 /api/assessment                                  19.0ms  127.0.0.1
2026-05-10 14:13:56 | INFO     | 8 changes detected
2026-05-10 14:13:56 | INFO     | 5 changes detected
2026-05-10 14:13:57 | INFO     | 1 change detected
2026-05-10 14:13:57 | INFO     | [MAIL] 📊 Assessment email → Elias dos santos de Andrade | Supply Chain & Compras | 5.0/10 (Em Desenvolvimento)
2026-05-10 14:13:57 | INFO     | 1 change detected
2026-05-10 14:14:17 | INFO     | [REQ]  [32mGET    200 /                                                 0.9ms  127.0.0.1
2026-05-10 14:14:17 | INFO     | 11 changes detected
2026-05-10 14:14:17 | INFO     | 11 changes detected
2026-05-10 14:14:17 | INFO     | 11 changes detected
2026-05-10 14:14:18 | INFO     | [REQ]  [32mPOST   200 /api/event                                       10.5ms  127.0.0.1
2026-05-10 14:14:18 | INFO     | 11 changes detected
2026-05-10 19:02:22 | INFO     | [SUCCESS] 🗄️ SQLite inicializado (metrics + visitors + bans + assessments)
2026-05-10 19:02:22 | INFO     | [INFO]  ============================================================
2026-05-10 19:02:22 | INFO     | [SUCCESS]    🚀  O2 Data Solutions — Server v2 iniciado
2026-05-10 19:02:22 | INFO     | [INFO]    🌐  http://0.0.0.0:80
2026-05-10 19:02:22 | INFO     | [INFO]    📚  Docs: http://localhost:80/docs
2026-05-10 19:02:22 | INFO     | [METRIC]    📊  Métricas: http://localhost:80/api/metrics
2026-05-10 19:02:22 | INFO     | [WAF]    🛡️   WAF: ATIVO | Rate Limit: 120req/60s
2026-05-10 19:02:22 | INFO     | [INFO]    🗄️   DBs: metrics + visitors + bans + assessments
2026-05-10 19:02:22 | INFO     | [INFO]    🔄  Hot Reload: ATIVO (HTML/CSS/JS/YAML)
2026-05-10 19:02:22 | INFO     | [INFO]  ============================================================
2026-05-10 19:02:22 | INFO     | 6 changes detected
2026-05-10 19:02:31 | INFO     | [REQ]  [32mGET    200 /                                                 4.3ms  127.0.0.1
2026-05-10 19:02:31 | INFO     | 11 changes detected
2026-05-10 19:02:31 | INFO     | 10 changes detected
2026-05-10 19:02:32 | INFO     | 12 changes detected
2026-05-10 19:02:32 | INFO     | 10 changes detected
2026-05-10 19:02:32 | INFO     | [REQ]  [32mPOST   200 /api/event                                       11.8ms  127.0.0.1
2026-05-10 19:02:32 | INFO     | 14 changes detected
2026-05-10 19:02:33 | INFO     | 2 changes detected
